file,path,date_start,date_end,longitude_min,longitude_max,latitude_min,latitude_max,n_in_realm_points,longitude_variable,latitude_variable,time_variable
osu033-20050721T1615-delayed_oxy.nc,/Users/larissadias/Library/Mobile Documents/com~apple~CloudDocs/Documents/Python/LiveOcean/Gliders/glider_data/osu033-20050721T1615-delayed_oxy.nc,2005-07-21T18:27:54.000002816+00:00,2005-07-22T12:32:53.000000419+00:00,-124.40298937608618,-124.21107716458046,44.61682514247569,44.67967520294435,18230,lon,lat,time
osu033-20050816T1611-delayed_oxy.nc,/Users/larissadias/Library/Mobile Documents/com~apple~CloudDocs/Documents/Python/LiveOcean/Gliders/glider_data/osu033-20050816T1611-delayed_oxy.nc,2005-08-16T16:12:06.999996231+00:00,2005-08-19T14:48:07.999999519+00:00,-124.50553927616691,-124.08923,44.61439710903845,44.68522566657795,102214,lon,lat,time
osu033-20060405T1604-delayed_oxy.nc,/Users/larissadias/Library/Mobile Documents/com~apple~CloudDocs/Documents/Python/LiveOcean/Gliders/glider_data/osu033-20060405T1604-delayed_oxy.nc,2006-04-05T16:10:44.000003855+00:00,2006-04-26T15:58:45.999995689+00:00,-125.11353029635416,-124.09510659452026,44.56076666666666,44.74134666666667,77672,lon,lat,time
osu033-20060519T1617-delayed_oxy.nc,/Users/larissadias/Library/Mobile Documents/com~apple~CloudDocs/Documents/Python/LiveOcean/Gliders/glider_data/osu033-20060519T1617-delayed_oxy.nc,2006-05-19T18:18:47.999997135+00:00,2006-05-21T23:24:33.000000048+00:00,-124.80019666666668,-124.12708666666668,44.559516235673314,44.663930756679065,39516,lon,lat,time
osu033-20060623T1548-delayed_oxy.nc,/Users/larissadias/Library/Mobile Documents/com~apple~CloudDocs/Documents/Python/LiveOcean/Gliders/glider_data/osu033-20060623T1548-delayed_oxy.nc,2006-06-23T15:48:59.999995751+00:00,2006-06-28T20:31:54.999996502+00:00,-125.12775971429751,-124.09326666666666,44.5931358606506,44.75081283628796,99461,lon,lat,time
osu033-20060712T1702-delayed_oxy.nc,/Users/larissadias/Library/Mobile Documents/com~apple~CloudDocs/Documents/Python/LiveOcean/Gliders/glider_data/osu033-20060712T1702-delayed_oxy.nc,2006-07-12T17:03:28.000001681+00:00,2006-08-02T15:04:08.999997231+00:00,-125.11192701157944,-124.08992166666668,44.589434988427406,44.75262350975028,386564,lon,lat,time
osu033-20060802T1916-delayed_oxy.nc,/Users/larissadias/Library/Mobile Documents/com~apple~CloudDocs/Documents/Python/LiveOcean/Gliders/glider_data/osu033-20060802T1916-delayed_oxy.nc,2006-08-02T19:17:17.000004572+00:00,2006-08-18T20:47:03.000000048+00:00,-125.12468376198109,-124.09647642320664,44.55554845637771,44.725567337913446,305958,lon,lat,time
osu033-20060914T1557-delayed_oxy.nc,/Users/larissadias/Library/Mobile Documents/com~apple~CloudDocs/Documents/Python/LiveOcean/Gliders/glider_data/osu033-20060914T1557-delayed_oxy.nc,2006-09-14T15:58:41.999997270+00:00,2006-10-02T15:10:36.000000310+00:00,-125.11824045703875,-124.09288166666664,44.584274046618894,44.7454092017502,299111,lon,lat,time
osu033-20061002T1943-delayed_oxy.nc,/Users/larissadias/Library/Mobile Documents/com~apple~CloudDocs/Documents/Python/LiveOcean/Gliders/glider_data/osu033-20061002T1943-delayed_oxy.nc,2006-10-02T19:45:06.000004336+00:00,2006-10-13T16:01:54.000001925+00:00,-125.18712903454961,-124.09144990016233,44.565440201623495,44.811105556210414,178231,lon,lat,time
osu033-20061027T1709-delayed_oxy.nc,/Users/larissadias/Library/Mobile Documents/com~apple~CloudDocs/Documents/Python/LiveOcean/Gliders/glider_data/osu033-20061027T1709-delayed_oxy.nc,2006-10-27T17:10:47.000004349+00:00,2006-10-29T22:27:16.000004410+00:00,-124.78804333333333,-124.10081,44.59465167788676,44.65405382710714,31243,lon,lat,time
osu033-20061204T1734-delayed_oxy.nc,/Users/larissadias/Library/Mobile Documents/com~apple~CloudDocs/Documents/Python/LiveOcean/Gliders/glider_data/osu033-20061204T1734-delayed_oxy.nc,2006-12-04T17:35:18.000001829+00:00,2006-12-17T17:21:12.000003978+00:00,-125.15180198633931,-124.10408260635694,44.62238239043434,44.764667115723384,98360,lon,lat,time
osu033-20070112T1919-delayed_oxy.nc,/Users/larissadias/Library/Mobile Documents/com~apple~CloudDocs/Documents/Python/LiveOcean/Gliders/glider_data/osu033-20070112T1919-delayed_oxy.nc,2007-01-12T19:20:19.000003113+00:00,2007-01-16T20:13:19.999999257+00:00,-124.83386863636623,-124.10819166666667,44.57683935654549,44.68619185537565,65719,lon,lat,time
osu033-20070205T1805-delayed_oxy.nc,/Users/larissadias/Library/Mobile Documents/com~apple~CloudDocs/Documents/Python/LiveOcean/Gliders/glider_data/osu033-20070205T1805-delayed_oxy.nc,2007-02-05T18:06:31.000001506+00:00,2007-02-13T17:17:35.000004174+00:00,-124.84686608292886,-124.09516,44.59849739219304,44.800103705678595,131053,lon,lat,time
osu033-20070313T1704-delayed_oxy.nc,/Users/larissadias/Library/Mobile Documents/com~apple~CloudDocs/Documents/Python/LiveOcean/Gliders/glider_data/osu033-20070313T1704-delayed_oxy.nc,2007-03-13T17:05:06.000003222+00:00,2007-03-19T15:53:37.000002039+00:00,-124.95410346503152,-124.09977166666668,44.57073252282704,44.73897115059599,98823,lon,lat,time
osu033-20070328T1540-delayed_oxy.nc,/Users/larissadias/Library/Mobile Documents/com~apple~CloudDocs/Documents/Python/LiveOcean/Gliders/glider_data/osu033-20070328T1540-delayed_oxy.nc,2007-03-28T15:41:21.999995563+00:00,2007-04-11T12:18:02.999999825+00:00,-125.08852470646886,-124.09341500000001,44.54721192653792,44.82316953718645,216327,lon,lat,time
osu033-20070501T1921-delayed_oxy.nc,/Users/larissadias/Library/Mobile Documents/com~apple~CloudDocs/Documents/Python/LiveOcean/Gliders/glider_data/osu033-20070501T1921-delayed_oxy.nc,2007-05-01T19:22:20.000000593+00:00,2007-05-21T15:17:44.000002296+00:00,-125.11771668841784,-124.09325911321984,44.44719856842151,44.83318344954308,327669,lon,lat,time
osu033-20070521T2053-delayed_oxy.nc,/Users/larissadias/Library/Mobile Documents/com~apple~CloudDocs/Documents/Python/LiveOcean/Gliders/glider_data/osu033-20070521T2053-delayed_oxy.nc,2007-05-21T21:06:14.000003187+00:00,2007-06-08T16:43:45.000001113+00:00,-125.1124877086768,-124.09093499999999,44.55699816442047,44.85276881403954,292730,lon,lat,time
osu033-20070613T1503-delayed_oxy.nc,/Users/larissadias/Library/Mobile Documents/com~apple~CloudDocs/Documents/Python/LiveOcean/Gliders/glider_data/osu033-20070613T1503-delayed_oxy.nc,2007-06-13T15:04:06.999998021+00:00,2007-07-02T15:01:45.999998379+00:00,-125.14895267147068,-124.10964891238538,44.58097318148343,44.85534767418895,315373,lon,lat,time
osu033-20070725T1623-delayed_oxy.nc,/Users/larissadias/Library/Mobile Documents/com~apple~CloudDocs/Documents/Python/LiveOcean/Gliders/glider_data/osu033-20070725T1623-delayed_oxy.nc,2007-07-25T16:24:20.999998074+00:00,2007-08-14T15:17:33.000001607+00:00,-125.15204752495555,-124.10296000000001,44.554437148909145,44.83906798042198,332151,lon,lat,time
osu033-20070814T2154-delayed_oxy.nc,/Users/larissadias/Library/Mobile Documents/com~apple~CloudDocs/Documents/Python/LiveOcean/Gliders/glider_data/osu033-20070814T2154-delayed_oxy.nc,2007-08-14T21:55:47.000001+00:00,2007-08-16T14:58:56.999999729+00:00,-124.18450263877898,-124.09613333333334,44.5577243925675,44.65214979826437,28772,lon,lat,time
osu033-20070914T1634-delayed_oxy.nc,/Users/larissadias/Library/Mobile Documents/com~apple~CloudDocs/Documents/Python/LiveOcean/Gliders/glider_data/osu033-20070914T1634-delayed_oxy.nc,2007-09-14T16:35:00.000002235+00:00,2007-09-28T15:56:11.000001580+00:00,-125.11735002612139,-124.099375,44.64690433685007,44.73648794969571,231099,lon,lat,time
osu033-20071005T1600-delayed_oxy.nc,/Users/larissadias/Library/Mobile Documents/com~apple~CloudDocs/Documents/Python/LiveOcean/Gliders/glider_data/osu033-20071005T1600-delayed_oxy.nc,2007-10-05T16:01:35.999998973+00:00,2007-10-12T19:09:34.000001323+00:00,-125.16190372179797,-124.08171472407683,44.65469499999999,44.89394880751433,364972,lon,lat,time
osu033-20071030T1842-delayed_oxy.nc,/Users/larissadias/Library/Mobile Documents/com~apple~CloudDocs/Documents/Python/LiveOcean/Gliders/glider_data/osu033-20071030T1842-delayed_oxy.nc,2007-10-30T18:43:01.999996305+00:00,2007-11-08T19:33:40.000003655+00:00,-125.10193886614452,-124.09977692437504,44.63799893262293,44.729526884262256,472105,lon,lat,time
osu033-20080318T2039-delayed_oxy.nc,/Users/larissadias/Library/Mobile Documents/com~apple~CloudDocs/Documents/Python/LiveOcean/Gliders/glider_data/osu033-20080318T2039-delayed_oxy.nc,2008-03-18T20:40:42.000004646+00:00,2008-03-21T20:06:04.000000432+00:00,-124.58647166666667,-124.10805,44.647830000000006,44.70055277348511,43320,lon,lat,time
osu033-20080912T1731-delayed_oxy.nc,/Users/larissadias/Library/Mobile Documents/com~apple~CloudDocs/Documents/Python/LiveOcean/Gliders/glider_data/osu033-20080912T1731-delayed_oxy.nc,2008-09-12T17:33:10.999996663+00:00,2008-09-23T18:33:26.999997048+00:00,-125.17905374069139,-124.09161486948166,44.665352528738005,45.002975184274916,184656,lon,lat,time
osu033-20081001T1726-delayed_oxy.nc,/Users/larissadias/Library/Mobile Documents/com~apple~CloudDocs/Documents/Python/LiveOcean/Gliders/glider_data/osu033-20081001T1726-delayed_oxy.nc,2008-10-01T17:35:29.000002519+00:00,2008-10-16T15:04:52.999999973+00:00,-125.11489684377028,-124.09837279987592,44.60929548368587,44.809697495875085,184981,lon,lat,time
osu033-20081203T1913-delayed_oxy.nc,/Users/larissadias/Library/Mobile Documents/com~apple~CloudDocs/Documents/Python/LiveOcean/Gliders/glider_data/osu033-20081203T1913-delayed_oxy.nc,2008-12-03T19:14:25.000002087+00:00,2008-12-05T20:38:34.999999480+00:00,-124.61953499999998,-124.11767166666665,44.65480166666666,44.700673428039714,34583,lon,lat,time
osu033-20090319T1938-delayed_oxy.nc,/Users/larissadias/Library/Mobile Documents/com~apple~CloudDocs/Documents/Python/LiveOcean/Gliders/glider_data/osu033-20090319T1938-delayed_oxy.nc,2009-03-19T19:39:44.999995305+00:00,2009-04-09T18:19:02.000001668+00:00,-125.14391931401616,-124.10551056137625,44.45338888998677,44.821697585953444,345237,lon,lat,time
osu033-20090424T1810-delayed_oxy.nc,/Users/larissadias/Library/Mobile Documents/com~apple~CloudDocs/Documents/Python/LiveOcean/Gliders/glider_data/osu033-20090424T1810-delayed_oxy.nc,2009-04-24T18:11:57.999998109+00:00,2009-05-15T16:40:43.999997157+00:00,-125.12780320963292,-124.1028769446835,44.43702704327542,44.93662782725126,342186,lon,lat,time
osu033-20090518T1713-delayed_oxy.nc,/Users/larissadias/Library/Mobile Documents/com~apple~CloudDocs/Documents/Python/LiveOcean/Gliders/glider_data/osu033-20090518T1713-delayed_oxy.nc,2009-05-18T17:14:43.000001681+00:00,2009-05-23T07:02:20.999996292+00:00,-125.12929667794123,-124.10371959150889,44.63648080486046,44.84311166666666,76020,lon,lat,time
osu033-20090720T2122-delayed_oxy.nc,/Users/larissadias/Library/Mobile Documents/com~apple~CloudDocs/Documents/Python/LiveOcean/Gliders/glider_data/osu033-20090720T2122-delayed_oxy.nc,2009-07-20T22:07:13.999996257+00:00,2009-08-05T00:35:51.000000532+00:00,-124.97079271562416,-124.11124653936164,44.59071198729786,44.865836258763174,246945,lon,lat,time
osu033-20090827T1700-delayed_oxy.nc,/Users/larissadias/Library/Mobile Documents/com~apple~CloudDocs/Documents/Python/LiveOcean/Gliders/glider_data/osu033-20090827T1700-delayed_oxy.nc,2009-08-27T17:02:06.999998467+00:00,2009-09-15T18:07:32.000002559+00:00,-125.09534526555626,-124.09082102341202,44.56878427684938,44.910187499882134,306889,lon,lat,time
osu033-20091001T1659-delayed_oxy.nc,/Users/larissadias/Library/Mobile Documents/com~apple~CloudDocs/Documents/Python/LiveOcean/Gliders/glider_data/osu033-20091001T1659-delayed_oxy.nc,2009-10-01T17:00:33.999999986+00:00,2009-10-09T18:41:30.000002458+00:00,-125.12917818313493,-124.12874333333333,44.39341624741509,44.64567776714639,128567,lon,lat,time
osu033-20091103T1823-delayed_oxy.nc,/Users/larissadias/Library/Mobile Documents/com~apple~CloudDocs/Documents/Python/LiveOcean/Gliders/glider_data/osu033-20091103T1823-delayed_oxy.nc,2009-11-03T18:24:41.000003593+00:00,2009-11-12T17:29:01.999999432+00:00,-125.10335010624162,-124.10128833333336,44.59349753748917,44.71887625277693,146824,lon,lat,time
osu033-20091201T1801-delayed_oxy.nc,/Users/larissadias/Library/Mobile Documents/com~apple~CloudDocs/Documents/Python/LiveOcean/Gliders/glider_data/osu033-20091201T1801-delayed_oxy.nc,2009-12-01T18:02:41.000001803+00:00,2009-12-11T17:16:51.000001432+00:00,-125.09364786781929,-124.09238510284305,44.59399706704109,44.74024034354544,164433,lon,lat,time
osu033-20100204T2217-delayed_oxy.nc,/Users/larissadias/Library/Mobile Documents/com~apple~CloudDocs/Documents/Python/LiveOcean/Gliders/glider_data/osu033-20100204T2217-delayed_oxy.nc,2010-02-04T22:19:01.000003742+00:00,2010-02-17T23:30:10.000002755+00:00,-125.05445861381232,-124.09097482268372,44.60569763884606,44.97332993422323,209585,lon,lat,time
osu033-20100730T1745-delayed_oxy.nc,/Users/larissadias/Library/Mobile Documents/com~apple~CloudDocs/Documents/Python/LiveOcean/Gliders/glider_data/osu033-20100730T1745-delayed_oxy.nc,2010-07-30T17:47:40.999995096+00:00,2010-08-04T22:31:30.999999270+00:00,-125.11041342820468,-124.10098166666666,44.64544489880829,44.781527229703144,88846,lon,lat,time
osu033-20100930T2127-delayed_oxy.nc,/Users/larissadias/Library/Mobile Documents/com~apple~CloudDocs/Documents/Python/LiveOcean/Gliders/glider_data/osu033-20100930T2127-delayed_oxy.nc,2010-09-30T21:29:21.000003668+00:00,2010-10-02T00:26:58.999999392+00:00,-124.36124142484593,-124.10777833333336,44.6488,44.725184999999996,18637,lon,lat,time
osu033-20101107T1835-delayed_oxy.nc,/Users/larissadias/Library/Mobile Documents/com~apple~CloudDocs/Documents/Python/LiveOcean/Gliders/glider_data/osu033-20101107T1835-delayed_oxy.nc,2010-11-07T18:37:21.999999803+00:00,2010-11-25T16:21:52.000001593+00:00,-125.10713891544634,-124.1014700405704,44.576123150734844,44.808843123761356,254949,lon,lat,time
osu033-20110429T2134-delayed_oxy.nc,/Users/larissadias/Library/Mobile Documents/com~apple~CloudDocs/Documents/Python/LiveOcean/Gliders/glider_data/osu033-20110429T2134-delayed_oxy.nc,2011-04-29T21:34:40.999998+00:00,2011-05-23T16:55:13.000001013+00:00,-125.13430708452445,-124.09102520984827,44.26789046611615,44.83855293642705,898225,lon,lat,time
osu033-20110609T2005-delayed_oxy.nc,/Users/larissadias/Library/Mobile Documents/com~apple~CloudDocs/Documents/Python/LiveOcean/Gliders/glider_data/osu033-20110609T2005-delayed_oxy.nc,2011-06-09T20:05:45.999997480+00:00,2011-06-15T06:25:52.000000703+00:00,-125.10375886969373,-124.09338000000002,44.52596886956068,44.68434833333333,210160,lon,lat,time
osu033-20110627T1459-delayed_oxy.nc,/Users/larissadias/Library/Mobile Documents/com~apple~CloudDocs/Documents/Python/LiveOcean/Gliders/glider_data/osu033-20110627T1459-delayed_oxy.nc,2011-06-27T14:59:09.999999628+00:00,2011-07-01T06:30:13.000003248+00:00,-124.94483833333332,-124.1052833333333,44.598890418692896,44.69791937856685,142655,lon,lat,time
osu033-20110708T1658-delayed_oxy.nc,/Users/larissadias/Library/Mobile Documents/com~apple~CloudDocs/Documents/Python/LiveOcean/Gliders/glider_data/osu033-20110708T1658-delayed_oxy.nc,2011-07-08T16:58:48.999996183+00:00,2011-07-12T18:42:00.000000668+00:00,-124.59948000000001,-124.09961833333332,44.557742311896895,44.659626855584094,154133,lon,lat,time
osu033-20110720T1704-delayed_oxy.nc,/Users/larissadias/Library/Mobile Documents/com~apple~CloudDocs/Documents/Python/LiveOcean/Gliders/glider_data/osu033-20110720T1704-delayed_oxy.nc,2011-07-20T17:04:40.999998+00:00,2011-08-08T21:18:14.999995082+00:00,-125.13820035506717,-124.10255027578795,44.58084330082722,44.824314185400375,738693,lon,lat,time
osu033-20110826T2010-delayed_oxy.nc,/Users/larissadias/Library/Mobile Documents/com~apple~CloudDocs/Documents/Python/LiveOcean/Gliders/glider_data/osu033-20110826T2010-delayed_oxy.nc,2011-08-26T20:10:25.000002978+00:00,2011-09-14T18:28:20.000002607+00:00,-125.14819234068804,-124.0886011999342,44.64157270981766,44.84546692749264,740742,lon,lat,time
osu033-20110920T1738-delayed_oxy.nc,/Users/larissadias/Library/Mobile Documents/com~apple~CloudDocs/Documents/Python/LiveOcean/Gliders/glider_data/osu033-20110920T1738-delayed_oxy.nc,2011-09-20T17:38:01.000002842+00:00,2011-10-14T19:10:18.000004065+00:00,-125.12124418893521,-124.07001977887633,44.63519833333333,45.06601276854303,930148,lon,lat,time
osu033-20111102T1638-delayed_oxy.nc,/Users/larissadias/Library/Mobile Documents/com~apple~CloudDocs/Documents/Python/LiveOcean/Gliders/glider_data/osu033-20111102T1638-delayed_oxy.nc,2011-11-02T16:38:09.999997615+00:00,2011-11-10T17:06:54.000000803+00:00,-125.15351153760139,-124.10809666666667,44.56596700930272,44.711289907394494,311614,lon,lat,time
osu033-20111202T1653-delayed_oxy.nc,/Users/larissadias/Library/Mobile Documents/com~apple~CloudDocs/Documents/Python/LiveOcean/Gliders/glider_data/osu033-20111202T1653-delayed_oxy.nc,2011-12-02T16:53:18.000001161+00:00,2011-12-09T20:55:16.999996082+00:00,-125.09780425543148,-124.11197172460813,44.5427583954276,44.88067490169258,282825,lon,lat,time
osu033-20130114T1754-delayed_oxy.nc,/Users/larissadias/Library/Mobile Documents/com~apple~CloudDocs/Documents/Python/LiveOcean/Gliders/glider_data/osu033-20130114T1754-delayed_oxy.nc,2013-01-14T17:54:28.000000344+00:00,2013-02-01T17:10:49.999998135+00:00,-125.11568999999999,-124.09674833333332,44.562065031226815,44.74321824857407,1118944,lon,lat,time
osu033-20130307T1842-delayed_oxy.nc,/Users/larissadias/Library/Mobile Documents/com~apple~CloudDocs/Documents/Python/LiveOcean/Gliders/glider_data/osu033-20130307T1842-delayed_oxy.nc,2013-03-07T18:42:42.000004200+00:00,2013-03-29T16:46:30.999995921+00:00,-125.13052969124507,-124.0939885731681,44.58071334988962,44.70444640441886,1524663,lon,lat,time
osu033-20130403T2232-delayed_oxy.nc,/Users/larissadias/Library/Mobile Documents/com~apple~CloudDocs/Documents/Python/LiveOcean/Gliders/glider_data/osu033-20130403T2232-delayed_oxy.nc,2013-04-03T22:32:17.000001222+00:00,2013-04-22T16:31:01.000001061+00:00,-125.1163779319116,-124.0917905656924,44.489391702959814,44.828869984977764,1306899,lon,lat,time
osu033-20130510T1644-delayed_oxy.nc,/Users/larissadias/Library/Mobile Documents/com~apple~CloudDocs/Documents/Python/LiveOcean/Gliders/glider_data/osu033-20130510T1644-delayed_oxy.nc,2013-05-10T16:44:05.999997851+00:00,2013-05-31T17:56:32.999996244+00:00,-125.11760964780856,-124.07686226798161,44.65654169182216,44.79447930822613,1420960,lon,lat,time
osu033-20130926T2227-delayed_oxy.nc,/Users/larissadias/Library/Mobile Documents/com~apple~CloudDocs/Documents/Python/LiveOcean/Gliders/glider_data/osu033-20130926T2227-delayed_oxy.nc,2013-09-26T22:27:09.999996724+00:00,2013-10-17T19:00:45.999998602+00:00,-125.10930783240894,-124.07399087157737,44.57020519028142,44.879709015219575,1481426,lon,lat,time
osu033-20140617T1720-delayed_oxy.nc,/Users/larissadias/Library/Mobile Documents/com~apple~CloudDocs/Documents/Python/LiveOcean/Gliders/glider_data/osu033-20140617T1720-delayed_oxy.nc,2014-06-17T17:20:17.000000554+00:00,2014-07-11T17:16:54.999999851+00:00,-125.1212975092132,-124.09586833333333,44.64679833333333,44.81357548520589,932443,lon,lat,time
osu033-20140721T1610-delayed_oxy.nc,/Users/larissadias/Library/Mobile Documents/com~apple~CloudDocs/Documents/Python/LiveOcean/Gliders/glider_data/osu033-20140721T1610-delayed_oxy.nc,2014-07-21T16:10:33.000003174+00:00,2014-08-11T16:10:52.000000703+00:00,-125.13046644946532,-124.09508750201829,44.589548535492334,44.7402845600754,813016,lon,lat,time
osu033-20140821T1925-delayed_oxy.nc,/Users/larissadias/Library/Mobile Documents/com~apple~CloudDocs/Documents/Python/LiveOcean/Gliders/glider_data/osu033-20140821T1925-delayed_oxy.nc,2014-08-21T22:54:04.000003113+00:00,2014-09-03T17:31:06.000000764+00:00,-125.16164720472257,-124.08879045468834,44.64261025773411,44.77096161930092,498157,lon,lat,time
osu033-20140911T1509-delayed_oxy.nc,/Users/larissadias/Library/Mobile Documents/com~apple~CloudDocs/Documents/Python/LiveOcean/Gliders/glider_data/osu033-20140911T1509-delayed_oxy.nc,2014-09-11T15:09:47.999999148+00:00,2014-09-30T17:42:28.999997602+00:00,-125.12262435128044,-124.07970095315692,44.65061203342883,44.882424441733455,725900,lon,lat,time
