target,method,hypothesis,rmse_mean,rmse_std,mae_mean,mae_std,r2_mean,r2_std,n_folds,n_valid_total
DIC_misfit,year,A3,55.59374904792101,14.829872841056453,36.554347525580695,9.616386944619913,0.3301343659795831,0.10287238165623118,5,4581
DIC_misfit,year,A,56.766851361738894,15.758063819270234,36.68509534008948,7.9091326326398725,0.30203794484713525,0.11543440854412877,5,4581
DIC_misfit,year,A2,58.29891553754028,15.519773256625415,37.3288588960682,9.095028407763422,0.26816772106795134,0.06030506562854035,5,4581
DIC_misfit,year,04,59.476165714797546,15.503650704881693,39.54640920228909,9.047574693658392,0.23683973137341824,0.04727300580625089,5,4581
DIC_misfit,year,A1,59.91913142456299,17.93998297654742,38.07109063649726,9.118339144814767,0.23480649627915814,0.08378291133002479,5,4581
DIC_misfit,year,03,60.77703391723359,15.747186103193636,39.67773160786517,9.14381552547825,0.18609483735046667,0.21185187899438332,5,4581
DIC_misfit,year,0,61.78527725761171,17.125686446900694,40.43438935676251,8.844666651016372,0.18169733680588857,0.08168811310501893,5,4581
DIC_misfit,year,02,65.61386484816732,21.403743836671097,43.266353579855135,10.857156034890233,0.09585807242371977,0.09073954161654414,5,4581
DIC_misfit,year,01,65.99033055172131,20.9391433359244,43.3399603794409,8.963313022969043,0.08249867340365451,0.08990462764406684,5,4581
DIC_misfit,year,mean_baseline,70.22647529187367,20.538418650423633,49.44904839953932,12.891171665935087,-0.052368456276281526,0.05485549682997074,5,4581
