target,method,hypothesis,fold,n_train,n_valid,rmse,mae,r2,best_params,baseline_value
DIC_misfit,year,A,1,3282,1299,55.19806705632297,35.130524087819936,0.4633561533888615,"{'subsample': 1.0, 'reg_lambda': 5.0, 'n_estimators': 800, 'min_child_weight': 1, 'max_depth': 8, 'learning_rate': 0.02, 'colsample_bytree': 0.8}",
DIC_misfit,year,A,2,3566,1015,60.97229324676005,42.26824572484737,0.1438914557504436,"{'subsample': 0.7, 'reg_lambda': 1.0, 'n_estimators': 500, 'min_child_weight': 7, 'max_depth': 6, 'learning_rate': 0.02, 'colsample_bytree': 1.0}",
DIC_misfit,year,A,3,3657,924,41.69335886735492,30.340338051165602,0.33517121761732527,"{'subsample': 0.8, 'reg_lambda': 10.0, 'n_estimators': 200, 'min_child_weight': 7, 'max_depth': 5, 'learning_rate': 0.05, 'colsample_bytree': 0.7}",
DIC_misfit,year,A,4,3880,701,44.70178079910617,28.524091910878667,0.2679215161307976,"{'subsample': 0.8, 'reg_lambda': 10.0, 'n_estimators': 200, 'min_child_weight': 7, 'max_depth': 5, 'learning_rate': 0.05, 'colsample_bytree': 0.7}",
DIC_misfit,year,A,5,3939,642,81.2687568391504,47.162276925735846,0.29984938134824823,"{'subsample': 0.7, 'reg_lambda': 10.0, 'n_estimators': 500, 'min_child_weight': 3, 'max_depth': 5, 'learning_rate': 0.02, 'colsample_bytree': 0.8}",
DIC_misfit,year,0,1,3282,1299,66.88391332548754,40.315009058562325,0.21208065163587764,"{'subsample': 1.0, 'reg_lambda': 5.0, 'n_estimators': 800, 'min_child_weight': 1, 'max_depth': 8, 'learning_rate': 0.02, 'colsample_bytree': 0.8}",
DIC_misfit,year,0,2,3566,1015,64.56878162527266,46.56116869197416,0.039916612077448343,"{'subsample': 0.8, 'reg_lambda': 5.0, 'n_estimators': 800, 'min_child_weight': 3, 'max_depth': 5, 'learning_rate': 0.02, 'colsample_bytree': 0.7}",
DIC_misfit,year,0,3,3657,924,45.773661865189524,33.56734038530101,0.19867745875650478,"{'subsample': 0.7, 'reg_lambda': 10.0, 'n_estimators': 200, 'min_child_weight': 1, 'max_depth': 3, 'learning_rate': 0.05, 'colsample_bytree': 0.7}",
DIC_misfit,year,0,4,3880,701,45.23452844806408,30.19100076360471,0.25036798083669154,"{'subsample': 0.8, 'reg_lambda': 10.0, 'n_estimators': 200, 'min_child_weight': 7, 'max_depth': 5, 'learning_rate': 0.05, 'colsample_bytree': 0.7}",
DIC_misfit,year,0,5,3939,642,86.46550102404477,51.537427884370345,0.20744398072292047,"{'subsample': 0.8, 'reg_lambda': 10.0, 'n_estimators': 800, 'min_child_weight': 7, 'max_depth': 8, 'learning_rate': 0.02, 'colsample_bytree': 0.8}",
DIC_misfit,year,A1,1,3282,1299,61.571637434035274,36.51137540091712,0.33227164148652477,"{'subsample': 1.0, 'reg_lambda': 5.0, 'n_estimators': 800, 'min_child_weight': 1, 'max_depth': 8, 'learning_rate': 0.02, 'colsample_bytree': 0.8}",
DIC_misfit,year,A1,2,3566,1015,61.790985924342074,43.09496640802798,0.12074667033469466,"{'subsample': 1.0, 'reg_lambda': 5.0, 'n_estimators': 800, 'min_child_weight': 7, 'max_depth': 5, 'learning_rate': 0.02, 'colsample_bytree': 0.8}",
DIC_misfit,year,A1,3,3657,924,43.423902594132656,29.646027018479796,0.2788364814021592,"{'subsample': 0.7, 'reg_lambda': 10.0, 'n_estimators': 200, 'min_child_weight': 1, 'max_depth': 3, 'learning_rate': 0.05, 'colsample_bytree': 0.7}",
DIC_misfit,year,A1,4,3880,701,44.899646906573174,30.024970584815936,0.26142628913209065,"{'subsample': 0.7, 'reg_lambda': 10.0, 'n_estimators': 200, 'min_child_weight': 1, 'max_depth': 3, 'learning_rate': 0.05, 'colsample_bytree': 0.7}",
DIC_misfit,year,A1,5,3939,642,87.90948426373177,51.07811377024547,0.18075139904032156,"{'subsample': 0.7, 'reg_lambda': 10.0, 'n_estimators': 200, 'min_child_weight': 1, 'max_depth': 3, 'learning_rate': 0.05, 'colsample_bytree': 0.7}",
DIC_misfit,year,A2,1,3282,1299,62.17146809176156,37.505877084666785,0.31919825547325664,"{'subsample': 1.0, 'reg_lambda': 1.0, 'n_estimators': 200, 'min_child_weight': 3, 'max_depth': 6, 'learning_rate': 0.02, 'colsample_bytree': 1.0}",
DIC_misfit,year,A2,2,3566,1015,60.19510755238141,40.27027896467083,0.1655772015081335,"{'subsample': 0.8, 'reg_lambda': 10.0, 'n_estimators': 200, 'min_child_weight': 7, 'max_depth': 5, 'learning_rate': 0.05, 'colsample_bytree': 0.7}",
DIC_misfit,year,A2,3,3657,924,43.10053989487455,29.082845128184353,0.28953699877639905,"{'subsample': 0.7, 'reg_lambda': 10.0, 'n_estimators': 200, 'min_child_weight': 1, 'max_depth': 3, 'learning_rate': 0.05, 'colsample_bytree': 0.7}",
DIC_misfit,year,A2,4,3880,701,44.718763910690036,28.914210489459677,0.26736514758681473,"{'subsample': 0.7, 'reg_lambda': 10.0, 'n_estimators': 200, 'min_child_weight': 1, 'max_depth': 3, 'learning_rate': 0.05, 'colsample_bytree': 0.7}",
DIC_misfit,year,A2,5,3939,642,81.30869823799381,50.871082813359344,0.29916100199515294,"{'subsample': 1.0, 'reg_lambda': 1.0, 'n_estimators': 200, 'min_child_weight': 3, 'max_depth': 6, 'learning_rate': 0.02, 'colsample_bytree': 1.0}",
DIC_misfit,year,A3,1,3282,1299,56.107875878361895,35.34323193102303,0.4455197653815177,"{'subsample': 0.7, 'reg_lambda': 10.0, 'n_estimators': 200, 'min_child_weight': 1, 'max_depth': 3, 'learning_rate': 0.05, 'colsample_bytree': 0.7}",
DIC_misfit,year,A3,2,3566,1015,59.8019899479459,40.36755594803703,0.17644038226868575,"{'subsample': 0.8, 'reg_lambda': 10.0, 'n_estimators': 200, 'min_child_weight': 7, 'max_depth': 5, 'learning_rate': 0.05, 'colsample_bytree': 0.7}",
DIC_misfit,year,A3,3,3657,924,40.17907212013477,28.098775208538413,0.38258688336539703,"{'subsample': 0.7, 'reg_lambda': 10.0, 'n_estimators': 200, 'min_child_weight': 1, 'max_depth': 3, 'learning_rate': 0.05, 'colsample_bytree': 0.7}",
DIC_misfit,year,A3,4,3880,701,44.10315970240341,27.964492336221102,0.2873973983554905,"{'subsample': 0.7, 'reg_lambda': 10.0, 'n_estimators': 200, 'min_child_weight': 1, 'max_depth': 3, 'learning_rate': 0.05, 'colsample_bytree': 0.7}",
DIC_misfit,year,A3,5,3939,642,77.77664759075904,50.99768220408389,0.35872740052682484,"{'subsample': 0.7, 'reg_lambda': 10.0, 'n_estimators': 200, 'min_child_weight': 1, 'max_depth': 3, 'learning_rate': 0.05, 'colsample_bytree': 0.7}",
DIC_misfit,year,01,1,3282,1299,73.43831689727955,47.56253899335363,0.050086971569172856,"{'subsample': 0.7, 'reg_lambda': 10.0, 'n_estimators': 200, 'min_child_weight': 1, 'max_depth': 3, 'learning_rate': 0.05, 'colsample_bytree': 0.7}",
DIC_misfit,year,01,2,3566,1015,65.75010921270238,48.932412181494485,0.004464550647638288,"{'subsample': 0.8, 'reg_lambda': 10.0, 'n_estimators': 200, 'min_child_weight': 7, 'max_depth': 5, 'learning_rate': 0.05, 'colsample_bytree': 0.7}",
DIC_misfit,year,01,3,3657,924,46.64784064563916,33.19686268715506,0.1677781097019042,"{'subsample': 0.7, 'reg_lambda': 10.0, 'n_estimators': 200, 'min_child_weight': 1, 'max_depth': 3, 'learning_rate': 0.05, 'colsample_bytree': 0.7}",
DIC_misfit,year,01,4,3880,701,47.052663530269136,34.30285307699471,0.18889623146058798,"{'subsample': 0.7, 'reg_lambda': 10.0, 'n_estimators': 200, 'min_child_weight': 1, 'max_depth': 3, 'learning_rate': 0.05, 'colsample_bytree': 0.7}",
DIC_misfit,year,01,5,3939,642,97.06272247271637,52.70513495820662,0.001267503638969214,"{'subsample': 0.7, 'reg_lambda': 10.0, 'n_estimators': 200, 'min_child_weight': 1, 'max_depth': 3, 'learning_rate': 0.05, 'colsample_bytree': 0.7}",
DIC_misfit,year,02,1,3282,1299,73.39956588789386,45.01429510666658,0.05108918345235036,"{'subsample': 1.0, 'reg_lambda': 1.0, 'n_estimators': 200, 'min_child_weight': 3, 'max_depth': 6, 'learning_rate': 0.02, 'colsample_bytree': 1.0}",
DIC_misfit,year,02,2,3566,1015,63.751805155543884,45.523473114494706,0.06405841260637135,"{'subsample': 0.7, 'reg_lambda': 10.0, 'n_estimators': 200, 'min_child_weight': 1, 'max_depth': 3, 'learning_rate': 0.05, 'colsample_bytree': 0.7}",
DIC_misfit,year,02,3,3657,924,46.075769073423146,32.85085287811992,0.18806505895168846,"{'subsample': 1.0, 'reg_lambda': 1.0, 'n_estimators': 200, 'min_child_weight': 3, 'max_depth': 6, 'learning_rate': 0.02, 'colsample_bytree': 1.0}",
DIC_misfit,year,02,4,3880,701,46.985067188393536,33.54230548896878,0.1912250375490001,"{'subsample': 0.7, 'reg_lambda': 10.0, 'n_estimators': 200, 'min_child_weight': 1, 'max_depth': 3, 'learning_rate': 0.05, 'colsample_bytree': 0.7}",
DIC_misfit,year,02,5,3939,642,97.85711693558218,59.40084131102568,-0.015147330440811402,"{'subsample': 0.7, 'reg_lambda': 1.0, 'n_estimators': 800, 'min_child_weight': 1, 'max_depth': 3, 'learning_rate': 0.1, 'colsample_bytree': 0.8}",
DIC_misfit,year,03,1,3282,1299,59.41020571123412,37.68978294251046,0.3783291172584602,"{'subsample': 1.0, 'reg_lambda': 1.0, 'n_estimators': 200, 'min_child_weight': 3, 'max_depth': 6, 'learning_rate': 0.02, 'colsample_bytree': 1.0}",
DIC_misfit,year,03,2,3566,1015,71.11363709326956,48.83607016111591,-0.16458060830417143,"{'subsample': 0.7, 'reg_lambda': 10.0, 'n_estimators': 500, 'min_child_weight': 3, 'max_depth': 5, 'learning_rate': 0.02, 'colsample_bytree': 0.8}",
DIC_misfit,year,03,3,3657,924,43.75064241379507,30.304658227481735,0.26794297232170095,"{'subsample': 1.0, 'reg_lambda': 1.0, 'n_estimators': 200, 'min_child_weight': 3, 'max_depth': 6, 'learning_rate': 0.02, 'colsample_bytree': 1.0}",
DIC_misfit,year,03,4,3880,701,48.05975539965916,31.937978042277493,0.15380373131263936,"{'subsample': 1.0, 'reg_lambda': 1.0, 'n_estimators': 200, 'min_child_weight': 3, 'max_depth': 6, 'learning_rate': 0.02, 'colsample_bytree': 1.0}",
DIC_misfit,year,03,5,3939,642,81.55092896821002,49.62016866594022,0.29497897416370433,"{'subsample': 0.7, 'reg_lambda': 10.0, 'n_estimators': 200, 'min_child_weight': 1, 'max_depth': 3, 'learning_rate': 0.05, 'colsample_bytree': 0.7}",
DIC_misfit,year,04,1,3282,1299,63.49917044129868,39.34488068682153,0.28981005728435405,"{'subsample': 0.7, 'reg_lambda': 10.0, 'n_estimators': 200, 'min_child_weight': 1, 'max_depth': 3, 'learning_rate': 0.05, 'colsample_bytree': 0.7}",
DIC_misfit,year,04,2,3566,1015,60.120723250258564,41.99626529763358,0.1676381533280804,"{'subsample': 0.8, 'reg_lambda': 10.0, 'n_estimators': 200, 'min_child_weight': 7, 'max_depth': 5, 'learning_rate': 0.05, 'colsample_bytree': 0.7}",
DIC_misfit,year,04,3,3657,924,44.94201092766669,31.928858315900467,0.22753102194189856,"{'subsample': 0.7, 'reg_lambda': 10.0, 'n_estimators': 200, 'min_child_weight': 1, 'max_depth': 3, 'learning_rate': 0.05, 'colsample_bytree': 0.7}",
DIC_misfit,year,04,4,3880,701,45.90356778303389,31.074169557921717,0.2280291932668721,"{'subsample': 0.7, 'reg_lambda': 10.0, 'n_estimators': 200, 'min_child_weight': 1, 'max_depth': 3, 'learning_rate': 0.05, 'colsample_bytree': 0.7}",
DIC_misfit,year,04,5,3939,642,82.91535617172994,53.387872153168146,0.27119023104588613,"{'subsample': 0.7, 'reg_lambda': 10.0, 'n_estimators': 200, 'min_child_weight': 1, 'max_depth': 3, 'learning_rate': 0.05, 'colsample_bytree': 0.7}",
DIC_misfit,year,mean_baseline,1,3282,1299,75.35222033079599,48.93012831635472,-7.028197613845322e-05,,39.98770000549608
DIC_misfit,year,mean_baseline,2,3566,1015,65.90691786353645,48.260955896374874,-0.00028965358562693666,,39.918330601719774
DIC_misfit,year,mean_baseline,3,3657,924,52.35303888645896,38.227959514708004,-0.04823784953043608,,37.9015653653375
DIC_misfit,year,mean_baseline,4,3880,701,54.498303543817016,40.85375575223645,-0.08811290416973039,,37.79368242359193
DIC_misfit,year,mean_baseline,5,3939,642,103.02189583475993,70.97244251802256,-0.12513159211947578,,44.98171012423194
