Start Latitude [degrees],Start Longitude [degrees],CTD Depth [m],Start Time [UTC],Count
44.35919,-124.96494,-9999999.0,2024-08-15 19:39:10.708000+00:00,1
44.35919,-124.96494,-9999999.0,2024-08-15 19:39:36.208000+00:00,2
44.35984,-124.96455,-9999999.0,2024-08-22 09:57:50.328000+00:00,1
44.35984,-124.96455,-9999999.0,2024-08-22 09:58:27.368000+00:00,2
44.3645,-124.94833333333334,10.101,2022-08-26 13:57:26+00:00,1
44.3645,-124.94833333333334,20.101,2022-08-26 13:57:26+00:00,1
44.3645,-124.94833333333334,50.199,2022-08-26 13:57:26+00:00,1
44.3645,-124.94833333333334,100.338,2022-08-26 13:57:26+00:00,1
44.3645,-124.94833333333334,150.342,2022-08-26 13:57:26+00:00,1
44.3645,-124.94833333333334,200.383,2022-08-26 13:57:26+00:00,1
44.3645,-124.94833333333334,249.923,2022-08-26 13:57:26+00:00,1
44.3645,-124.94833333333334,299.888,2022-08-26 13:57:26+00:00,1
44.3645,-124.94833333333334,400.115,2022-08-26 13:57:26+00:00,1
44.3645,-124.94833333333334,549.54,2022-08-26 13:57:26+00:00,1
44.3645,-124.94833333333334,578.256,2022-08-26 13:57:26+00:00,2
44.36667,-124.955,-9999999.0,2018-07-23 23:20:04+00:00,1
44.36667,-124.955,12.85,2018-07-23 23:20:04+00:00,1
44.36667,-124.955,22.838,2018-07-23 23:20:04+00:00,1
44.36667,-124.955,52.5,2018-07-23 23:20:04+00:00,1
44.36667,-124.955,102.545,2018-07-23 23:20:04+00:00,1
44.36667,-124.955,102.961,2018-07-23 23:20:04+00:00,1
44.36667,-124.955,152.823,2018-07-23 23:20:04+00:00,1
44.36667,-124.955,202.713,2018-07-23 23:20:04+00:00,1
44.36667,-124.955,202.775,2018-07-23 23:20:04+00:00,1
44.36667,-124.955,252.681,2018-07-23 23:20:04+00:00,1
44.36667,-124.955,302.224,2018-07-23 23:20:04+00:00,1
44.36667,-124.955,302.372,2018-07-23 23:20:04+00:00,1
44.36667,-124.955,402.72,2018-07-23 23:20:04+00:00,1
44.36667,-124.955,502.858,2018-07-23 23:20:04+00:00,1
44.36667,-124.955,502.867,2018-07-23 23:20:04+00:00,1
44.36667,-124.955,552.632,2018-07-23 23:20:04+00:00,1
44.36667,-124.955,552.934,2018-07-23 23:20:04+00:00,1
44.36667,-124.955,597.36,2018-07-23 23:20:04+00:00,1
44.36817,-124.95017,-9999999.0,2015-07-24 23:59:29+00:00,1
44.36817,-124.95017,10.21,2015-07-25 00:35:28+00:00,1
44.36817,-124.95017,20.596,2015-07-25 00:35:28+00:00,1
44.36817,-124.95017,20.731,2015-07-25 00:35:28+00:00,1
44.36817,-124.95017,39.991,2015-07-25 00:35:28+00:00,1
44.36817,-124.95017,40.201,2015-07-25 00:35:28+00:00,1
44.36817,-124.95017,100.625,2015-07-25 00:35:28+00:00,1
44.36817,-124.95017,199.956,2015-07-25 00:35:28+00:00,1
44.36817,-124.95017,299.919,2015-07-25 00:35:28+00:00,1
44.36817,-124.95017,400.623,2015-07-25 00:35:28+00:00,1
44.36817,-124.95017,450.105,2015-07-25 00:35:28+00:00,1
44.36817,-124.95017,500.252,2015-07-25 00:35:28+00:00,1
44.36817,-124.95017,574.788,2015-07-25 00:35:28+00:00,1
44.36824,-124.95279,572.775,2015-07-24 22:02:00+00:00,1
44.36824,-124.95266,-9999999.0,2018-07-23 02:41:46+00:00,4
44.36829,-124.95278,-9999999.0,2017-08-25 23:32:00+00:00,4
44.36832,-124.95281,501.127,2015-07-24 22:02:00+00:00,1
44.36833,-124.95279,403.488,2015-07-24 22:02:00+00:00,1
44.36834,-124.95283,454.244,2015-07-24 22:02:00+00:00,1
44.36921043,-124.95353537,-9999999.0,2023-08-28 22:58:00+00:00,3
44.3693713,-124.9536626,-9999999.0,2022-08-19 19:04:50+00:00,3
44.36949,-124.95367,-9999999.0,2019-06-19 13:42:19+00:00,2
44.3695,-124.96133,10.195,2024-08-09 07:03:31+00:00,1
44.3695,-124.96133,20.174,2024-08-09 07:03:31+00:00,1
44.3695,-124.96133,41.943,2024-08-09 07:03:31+00:00,1
44.3695,-124.96133,61.5,2024-08-09 07:03:31+00:00,1
44.3695,-124.96133,81.245,2024-08-09 07:03:31+00:00,1
44.3695,-124.96133,100.573,2024-08-09 07:03:31+00:00,1
44.3695,-124.96133,120.812,2024-08-09 07:03:31+00:00,1
44.3695,-124.96133,139.73,2024-08-09 07:03:31+00:00,1
44.3695,-124.96133,160.169,2024-08-09 07:03:31+00:00,1
44.3695,-124.96133,180.0,2024-08-09 07:03:31+00:00,1
44.3695,-124.96133,200.179,2024-08-09 07:03:31+00:00,2
44.3695,-124.96133,220.283,2024-08-09 07:03:31+00:00,1
44.36967,-124.9525,7.059,2015-08-04 00:58:38+00:00,1
44.36967,-124.9525,7.141,2015-08-04 00:58:38+00:00,1
44.36967,-124.9525,25.157,2015-08-04 00:58:38+00:00,1
44.36967,-124.9525,25.181,2015-08-04 00:58:38+00:00,1
44.36967,-124.9525,190.324,2015-08-04 00:58:38+00:00,1
44.36967,-124.9525,190.345,2015-08-04 00:58:38+00:00,1
44.36967,-124.9525,576.044,2015-08-04 00:58:38+00:00,1
44.36967,-124.9525,576.223,2015-08-04 00:58:38+00:00,1
44.36972,-124.96,10.034,2016-08-07 06:50:42+00:00,1
44.36972,-124.96,20.314,2016-08-07 06:50:42+00:00,1
44.36972,-124.96,50.093,2016-08-07 06:50:42+00:00,1
44.36972,-124.96,109.898,2016-08-07 06:50:42+00:00,2
44.36972,-124.96,199.931,2016-08-07 06:50:42+00:00,1
44.36972,-124.96,250.102,2016-08-07 06:50:42+00:00,2
44.36972,-124.96,400.131,2016-08-07 06:50:42+00:00,1
44.36972,-124.96,540.006,2016-08-07 06:50:42+00:00,1
44.36972,-124.96,569.558,2016-08-07 06:50:42+00:00,1
44.3715,-124.9615,10.217,2023-08-15 06:40:20+00:00,1
44.3715,-124.9615,20.046,2023-08-15 06:40:20+00:00,2
44.3715,-124.9615,40.21,2023-08-15 06:40:20+00:00,1
44.3715,-124.9615,59.606,2023-08-15 06:40:20+00:00,1
44.3715,-124.9615,79.897,2023-08-15 06:40:20+00:00,1
44.3715,-124.9615,99.475,2023-08-15 06:40:20+00:00,1
44.3715,-124.9615,120.492,2023-08-15 06:40:20+00:00,1
44.3715,-124.9615,139.622,2023-08-15 06:40:20+00:00,1
44.3715,-124.9615,159.706,2023-08-15 06:40:20+00:00,1
44.3715,-124.9615,180.208,2023-08-15 06:40:20+00:00,1
44.3715,-124.9615,199.504,2023-08-15 06:40:20+00:00,1
44.3715,-124.9615,219.369,2023-08-15 06:40:20+00:00,1
44.3715,-124.95766666666668,200.267,2023-09-09 11:33:18+00:00,1
44.3715,-124.95766666666668,225.029,2023-09-09 11:33:18+00:00,1
44.3715,-124.95766666666668,250.114,2023-09-09 11:33:18+00:00,2
44.3715,-124.95766666666668,275.168,2023-09-09 11:33:18+00:00,1
44.3715,-124.95766666666668,300.075,2023-09-09 11:33:18+00:00,1
44.3715,-124.95766666666668,325.392,2023-09-09 11:33:18+00:00,1
44.3715,-124.95766666666668,350.04,2023-09-09 11:33:18+00:00,1
44.3715,-124.95766666666668,350.052,2023-09-09 11:33:18+00:00,1
44.3715,-124.95766666666668,399.521,2023-09-09 11:33:18+00:00,1
44.3715,-124.95766666666668,450.175,2023-09-09 11:33:18+00:00,1
44.3715,-124.95766666666668,500.147,2023-09-09 11:33:18+00:00,1
44.3715,-124.95766666666668,550.169,2023-09-09 11:33:18+00:00,1
44.3715,-124.95766666666668,569.943,2023-09-09 11:33:18+00:00,1
44.37233,-124.95267,200.609,2024-08-28 03:28:33+00:00,1
44.37233,-124.95267,250.411,2024-08-28 03:28:33+00:00,1
44.37233,-124.95267,275.453,2024-08-28 03:28:33+00:00,1
44.37233,-124.95267,300.324,2024-08-28 03:28:33+00:00,1
44.37233,-124.95267,325.395,2024-08-28 03:28:33+00:00,1
44.37233,-124.95267,400.47,2024-08-28 03:28:33+00:00,1
44.37233,-124.95267,450.723,2024-08-28 03:28:33+00:00,2
44.37233,-124.95267,500.766,2024-08-28 03:28:33+00:00,1
44.37233,-124.95267,550.224,2024-08-28 03:28:33+00:00,2
44.37233333333333,-124.951,199.951,2023-09-15 15:40:56+00:00,2
44.37233333333333,-124.951,224.998,2023-09-15 15:40:56+00:00,1
44.37233333333333,-124.951,250.432,2023-09-15 15:40:56+00:00,1
44.37233333333333,-124.951,275.159,2023-09-15 15:40:56+00:00,1
44.37233333333333,-124.951,300.321,2023-09-15 15:40:56+00:00,1
44.37233333333333,-124.951,325.781,2023-09-15 15:40:56+00:00,1
44.37233333333333,-124.951,350.008,2023-09-15 15:40:56+00:00,1
44.37233333333333,-124.951,399.93,2023-09-15 15:40:56+00:00,1
44.37233333333333,-124.951,450.034,2023-09-15 15:40:56+00:00,1
44.37233333333333,-124.951,499.719,2023-09-15 15:40:56+00:00,1
44.37233333333333,-124.951,525.285,2023-09-15 15:40:56+00:00,1
44.3725,-124.95133333333334,200.331,2023-09-11 06:29:27+00:00,2
44.3725,-124.95133333333334,250.12,2023-09-11 06:29:27+00:00,1
44.3725,-124.95133333333334,275.581,2023-09-11 06:29:27+00:00,1
44.3725,-124.95133333333334,299.686,2023-09-11 06:29:27+00:00,1
44.3725,-124.95133333333334,350.23,2023-09-11 06:29:27+00:00,1
44.3725,-124.95133333333334,400.25,2023-09-11 06:29:27+00:00,1
44.3725,-124.95133333333334,450.199,2023-09-11 06:29:27+00:00,1
44.3725,-124.95133333333334,500.163,2023-09-11 06:29:27+00:00,1
44.3725,-124.95133333333334,525.43,2023-09-11 06:29:27+00:00,1
44.3725,-124.95133333333334,560.268,2023-09-11 06:29:27+00:00,1
44.3725,-124.95133333333334,560.297,2023-09-11 06:29:27+00:00,1
44.373,-124.95633,13.016,2018-07-15 04:39:48+00:00,1
44.373,-124.95633,22.49,2018-07-15 04:39:48+00:00,1
44.373,-124.95633,42.774,2018-07-15 04:39:48+00:00,1
44.373,-124.95633,62.76,2018-07-15 04:39:48+00:00,1
44.373,-124.95633,82.471,2018-07-15 04:39:48+00:00,1
44.373,-124.95633,102.597,2018-07-15 04:39:48+00:00,1
44.373,-124.95633,122.051,2018-07-15 04:39:48+00:00,2
44.373,-124.95633,122.575,2018-07-15 04:39:48+00:00,2
44.373,-124.95633,141.826,2018-07-15 04:39:48+00:00,2
44.373,-124.95633,141.867,2018-07-15 04:39:48+00:00,2
44.373,-124.95633,161.97,2018-07-15 04:39:48+00:00,1
44.373,-124.95633,182.11,2018-07-15 04:39:48+00:00,1
44.373,-124.95633,202.556,2018-07-15 04:39:48+00:00,1
44.373,-124.95633,222.273,2018-07-15 04:39:48+00:00,1
44.3736,-124.956,-9999999.0,2024-08-08 22:33:05.079000+00:00,2
44.3736,-124.956,-9999999.0,2024-08-08 22:34:10.609000+00:00,1
44.37367,-124.95317,13.073,2018-07-17 22:38:58+00:00,1
44.37367,-124.95317,22.732,2018-07-17 22:38:58+00:00,1
44.37367,-124.95317,22.768,2018-07-17 22:38:58+00:00,1
44.37367,-124.95317,42.761,2018-07-17 22:38:58+00:00,1
44.37367,-124.95317,62.627,2018-07-17 22:38:58+00:00,1
44.37367,-124.95317,82.347,2018-07-17 22:38:58+00:00,1
44.37367,-124.95317,102.252,2018-07-17 22:38:58+00:00,1
44.37367,-124.95317,121.541,2018-07-17 22:38:58+00:00,1
44.37367,-124.95317,121.755,2018-07-17 22:38:58+00:00,1
44.37367,-124.95317,141.951,2018-07-17 22:38:58+00:00,1
44.37367,-124.95317,142.025,2018-07-17 22:38:58+00:00,1
44.37367,-124.95317,162.219,2018-07-17 22:38:58+00:00,1
44.37367,-124.95317,181.323,2018-07-17 22:38:58+00:00,1
44.37367,-124.95317,201.296,2018-07-17 22:38:58+00:00,1
44.37367,-124.95317,221.33,2018-07-17 22:38:58+00:00,1
44.37383,-124.96,11.41,2019-06-13 21:38:14+00:00,1
44.37383,-124.96,21.108,2019-06-13 21:38:14+00:00,2
44.37383,-124.96,21.31,2019-06-13 21:38:14+00:00,1
44.37383,-124.96,41.062,2019-06-13 21:38:14+00:00,1
44.37383,-124.96,60.995,2019-06-13 21:38:14+00:00,1
44.37383,-124.96,80.766,2019-06-13 21:38:14+00:00,1
44.37383,-124.96,101.277,2019-06-13 21:38:14+00:00,1
44.37383,-124.96,120.491,2019-06-13 21:38:14+00:00,1
44.37383,-124.96,140.599,2019-06-13 21:38:14+00:00,1
44.37383,-124.96,160.86,2019-06-13 21:38:14+00:00,1
44.37383,-124.96,180.911,2019-06-13 21:38:14+00:00,1
44.37383,-124.96,200.725,2019-06-13 21:38:14+00:00,1
44.37383,-124.96,221.151,2019-06-13 21:38:14+00:00,1
44.37383,-124.953,-9999999.0,2018-07-17 22:13:46+00:00,1
44.37383333333333,-124.95166666666668,9.913,2022-08-23 10:41:06+00:00,2
44.37383333333333,-124.95166666666668,20.001,2022-08-23 10:41:06+00:00,1
44.37383333333333,-124.95166666666668,50.329,2022-08-23 10:41:06+00:00,1
44.37383333333333,-124.95166666666668,100.248,2022-08-23 10:41:06+00:00,1
44.37383333333333,-124.95166666666668,149.909,2022-08-23 10:41:06+00:00,1
44.37383333333333,-124.95166666666668,200.214,2022-08-23 10:41:06+00:00,1
44.37383333333333,-124.95166666666668,249.647,2022-08-23 10:41:06+00:00,1
44.37383333333333,-124.95166666666668,399.873,2022-08-23 10:41:06+00:00,1
44.37383333333333,-124.95166666666668,550.13,2022-08-23 10:41:06+00:00,1
44.37383333333333,-124.95166666666668,564.772,2022-08-23 10:41:06+00:00,1
44.374,-124.9505,9.738,2021-08-26 09:16:44+00:00,1
44.374,-124.9505,20.563,2021-08-26 09:16:44+00:00,1
44.374,-124.9505,20.596,2021-08-26 09:16:44+00:00,2
44.374,-124.9505,39.961,2021-08-26 09:16:44+00:00,1
44.374,-124.9505,59.564,2021-08-26 09:16:44+00:00,1
44.374,-124.9505,80.152,2021-08-26 09:16:44+00:00,1
44.374,-124.9505,99.868,2021-08-26 09:16:44+00:00,1
44.374,-124.9505,119.962,2021-08-26 09:16:44+00:00,1
44.374,-124.9505,139.92,2021-08-26 09:16:44+00:00,1
44.374,-124.9505,159.86,2021-08-26 09:16:44+00:00,1
44.374,-124.9505,179.814,2021-08-26 09:16:44+00:00,1
44.374,-124.9505,198.738,2021-08-26 09:16:44+00:00,1
44.374,-124.9505,399.431,2021-08-26 09:16:44+00:00,1
44.374,-124.9505,560.097,2021-08-26 09:16:44+00:00,1
44.374,-124.9505,560.428,2021-08-26 09:16:44+00:00,1
44.37405,-124.95625,-9999999.0,2017-07-27 23:37:00+00:00,1
44.37406,-124.95624,-9999999.0,2017-07-27 23:37:00+00:00,2
44.37416667,-124.9625,-9999999.0,2020-08-11 23:18:01+00:00,1
44.37416667,-124.9625,9.638,2020-08-11 23:39:18+00:00,1
44.37416667,-124.9625,20.238,2020-08-11 23:39:18+00:00,1
44.37416667,-124.9625,20.267,2020-08-11 23:39:18+00:00,1
44.37416667,-124.9625,40.226,2020-08-11 23:39:18+00:00,1
44.37416667,-124.9625,59.769,2020-08-11 23:39:18+00:00,1
44.37416667,-124.9625,60.422,2020-08-11 23:39:18+00:00,1
44.37416667,-124.9625,80.253,2020-08-11 23:39:18+00:00,1
44.37416667,-124.9625,99.679,2020-08-11 23:39:18+00:00,1
44.37416667,-124.9625,119.891,2020-08-11 23:39:18+00:00,1
44.37416667,-124.9625,120.036,2020-08-11 23:39:18+00:00,1
44.37416667,-124.9625,140.403,2020-08-11 23:39:18+00:00,1
44.37416667,-124.9625,140.684,2020-08-11 23:39:18+00:00,1
44.37416667,-124.9625,180.139,2020-08-11 23:39:18+00:00,1
44.37416667,-124.9625,199.795,2020-08-11 23:39:18+00:00,1
44.37416667,-124.9625,219.52,2020-08-11 23:39:18+00:00,1
44.37416667,-124.9625,351.71,2020-08-12 00:49:20+00:00,1
44.37416667,-124.9625,400.848,2020-08-12 00:49:20+00:00,1
44.37416667,-124.9625,500.681,2020-08-12 00:49:20+00:00,1
44.37416667,-124.9625,550.78,2020-08-12 00:49:20+00:00,1
44.37416667,-124.9625,575.888,2020-08-12 00:49:20+00:00,1
44.37417,-124.95967,-9999999.0,2019-06-28 17:14:20+00:00,1
44.37417,-124.95967,10.817,2019-06-28 17:31:26+00:00,1
44.37417,-124.95967,20.709,2019-06-28 17:31:26+00:00,1
44.37417,-124.95967,40.497,2019-06-28 17:31:26+00:00,1
44.37417,-124.95967,40.503,2019-06-28 17:31:26+00:00,1
44.37417,-124.95967,60.469,2019-06-28 17:31:26+00:00,1
44.37417,-124.95967,80.236,2019-06-28 17:31:26+00:00,1
44.37417,-124.95967,80.757,2019-06-24 05:30:10+00:00,1
44.37417,-124.95967,100.251,2019-06-28 17:31:26+00:00,1
44.37417,-124.95967,100.26,2019-06-28 17:31:26+00:00,1
44.37417,-124.95967,100.467,2019-06-24 05:30:10+00:00,1
44.37417,-124.95967,119.918,2019-06-28 17:31:26+00:00,1
44.37417,-124.95967,120.16,2019-06-24 05:30:10+00:00,1
44.37417,-124.95967,120.175,2019-06-28 17:31:26+00:00,1
44.37417,-124.95967,139.912,2019-06-28 17:31:26+00:00,1
44.37417,-124.95967,139.915,2019-06-24 05:30:10+00:00,1
44.37417,-124.95967,160.082,2019-06-24 05:30:10+00:00,1
44.37417,-124.95967,160.113,2019-06-28 17:31:26+00:00,1
44.37417,-124.95967,179.621,2019-06-24 05:30:10+00:00,1
44.37417,-124.95967,180.578,2019-06-28 17:31:26+00:00,1
44.37417,-124.95967,199.745,2019-06-24 05:30:10+00:00,1
44.37417,-124.95967,200.808,2019-06-28 17:31:26+00:00,1
44.37417,-124.95967,219.741,2019-06-24 05:30:10+00:00,1
44.37417,-124.95967,220.564,2019-06-28 17:31:26+00:00,1
44.37417,-124.95967,399.652,2019-06-24 05:30:10+00:00,2
44.37417,-124.95967,563.948,2019-06-24 05:30:10+00:00,1
44.37417,-124.95967,564.037,2019-06-24 05:30:10+00:00,1
44.37417,-124.95433,2.533,2015-08-03 00:14:58+00:00,1
44.37417,-124.95433,2.712,2015-08-03 00:14:58+00:00,1
44.37417,-124.95433,7.284,2015-08-03 00:14:58+00:00,1
44.37417,-124.95433,7.301,2015-08-03 00:14:58+00:00,1
44.37417,-124.95433,200.48,2015-08-03 00:14:58+00:00,1
44.37417,-124.95433,200.663,2015-08-03 00:14:58+00:00,1
44.37417,-124.95433,567.743,2015-08-03 00:14:58+00:00,1
44.37417,-124.95433,568.133,2015-08-03 00:14:58+00:00,1
44.37417,-124.95017,12.801,2017-07-28 19:06:26+00:00,1
44.37417,-124.95017,12.929,2017-07-28 19:06:26+00:00,2
44.37417,-124.95017,22.853,2017-07-28 19:06:26+00:00,1
44.37417,-124.95017,42.767,2017-07-28 19:06:26+00:00,1
44.37417,-124.95017,62.858,2017-07-28 19:06:26+00:00,1
44.37417,-124.95017,83.174,2017-07-28 19:06:26+00:00,1
44.37417,-124.95017,103.008,2017-07-28 19:06:26+00:00,1
44.37417,-124.95017,103.087,2017-07-28 19:06:26+00:00,1
44.37417,-124.95017,123.109,2017-07-28 19:06:26+00:00,1
44.37417,-124.95017,142.679,2017-07-28 19:06:26+00:00,1
44.37417,-124.95017,182.736,2017-07-28 19:06:26+00:00,1
44.37417,-124.95017,202.269,2017-07-28 19:06:26+00:00,1
44.37417,-124.95017,202.395,2017-07-28 19:06:26+00:00,1
44.37417,-124.95017,401.492,2017-07-28 19:06:26+00:00,1
44.37417,-124.95017,550.836,2017-07-28 19:06:26+00:00,1
44.37418,-124.95667,-9999999.0,2016-07-18 00:29:00+00:00,4
44.3742408,-124.956155,-9999999.0,2022-08-11 00:21:08+00:00,3
44.3755,-124.95417,-9999999.0,2017-08-06 07:06:36+00:00,1
44.3755,-124.95417,-9999999.0,2017-08-06 07:30:55+00:00,1
44.3755,-124.95417,-9999999.0,2017-08-06 07:47:58+00:00,1
44.3755,-124.95417,10.176,2017-08-06 08:04:31+00:00,1
44.3755,-124.95417,10.214,2017-08-06 08:04:31+00:00,1
44.3755,-124.95417,20.049,2017-08-06 08:04:31+00:00,1
44.3755,-124.95417,20.215,2017-08-06 08:04:31+00:00,1
44.3755,-124.95417,40.093,2017-08-06 08:04:31+00:00,1
44.3755,-124.95417,40.204,2017-08-06 08:04:31+00:00,1
44.3755,-124.95417,60.12,2017-08-06 08:04:31+00:00,1
44.3755,-124.95417,80.151,2017-08-06 08:04:31+00:00,1
44.3755,-124.95417,80.367,2017-08-06 08:04:31+00:00,1
44.3755,-124.95417,100.076,2017-08-06 08:04:31+00:00,1
44.3755,-124.95417,100.293,2017-08-06 08:04:31+00:00,1
44.3755,-124.95417,119.75,2017-08-06 08:04:31+00:00,1
44.3755,-124.95417,139.813,2017-08-06 08:04:31+00:00,1
44.3755,-124.95417,139.992,2017-08-06 08:04:31+00:00,1
44.3755,-124.95417,159.98,2017-08-06 08:04:31+00:00,1
44.3755,-124.95417,179.992,2017-08-06 08:04:31+00:00,1
44.3755,-124.95417,199.699,2017-08-06 08:04:31+00:00,1
44.3755,-124.95417,200.101,2017-08-06 08:04:31+00:00,1
44.3755,-124.95417,219.763,2017-08-06 08:04:31+00:00,1
44.37716666666667,-124.95266666666669,10.085,2022-09-04 03:29:45+00:00,1
44.37716666666667,-124.95266666666669,19.965,2022-09-04 03:29:45+00:00,1
44.37716666666667,-124.95266666666669,39.901,2022-09-04 03:29:45+00:00,1
44.37716666666667,-124.95266666666669,59.966,2022-09-04 03:29:45+00:00,1
44.37716666666667,-124.95266666666669,79.881,2022-09-04 03:29:45+00:00,1
44.37716666666667,-124.95266666666669,99.949,2022-09-04 03:29:45+00:00,1
44.37716666666667,-124.95266666666669,120.181,2022-09-04 03:29:45+00:00,1
44.37716666666667,-124.95266666666669,139.754,2022-09-04 03:29:45+00:00,1
44.37716666666667,-124.95266666666669,140.186,2022-09-04 03:29:45+00:00,1
44.37716666666667,-124.95266666666669,159.794,2022-09-04 03:29:45+00:00,1
44.37716666666667,-124.95266666666669,180.202,2022-09-04 03:29:45+00:00,1
44.37716666666667,-124.95266666666669,200.353,2022-09-04 03:29:45+00:00,1
44.37716666666667,-124.95266666666669,219.8,2022-09-04 03:29:45+00:00,2
44.37944,-125.95555,-9999999.0,2016-07-19 21:49:40+00:00,1
44.37944,-125.95555,-9999999.0,2016-07-19 22:18:46+00:00,1
44.37944,-125.95555,9.966,2016-07-19 22:56:39+00:00,2
44.37944,-125.95555,20.041,2016-07-19 22:56:39+00:00,1
44.37944,-125.95555,39.639,2016-07-19 22:56:39+00:00,2
44.37944,-125.95555,60.253,2016-07-19 22:56:39+00:00,2
44.37944,-125.95555,79.85,2016-07-19 22:56:39+00:00,1
44.37944,-125.95555,100.02,2016-07-19 22:56:39+00:00,1
44.37944,-125.95555,120.377,2016-07-19 22:56:39+00:00,1
44.37944,-125.95555,140.148,2016-07-19 22:56:39+00:00,1
44.37944,-125.95555,179.713,2016-07-19 22:56:39+00:00,1
44.37944,-125.95555,200.096,2016-07-19 22:56:39+00:00,1
44.37944,-125.95555,400.302,2016-07-19 22:56:39+00:00,1
44.37944,-125.95555,550.124,2016-07-19 22:56:39+00:00,2
44.50178,-125.40856,-9999999.0,2024-08-09 12:15:04.482000+00:00,1
44.50178,-125.40856,-9999999.0,2024-08-09 12:15:49.367000+00:00,1
44.50179,-125.40903,-9999999.0,2024-08-15 03:30:36.149000+00:00,1
44.50179,-125.40903,-9999999.0,2024-08-15 03:31:20.644000+00:00,2
44.51067,-125.3895,10.216,2017-08-03 13:11:04+00:00,1
44.51067,-125.3895,10.365,2017-08-03 13:11:04+00:00,1
44.51067,-125.3895,20.238,2017-08-03 13:11:04+00:00,1
44.51067,-125.3895,20.431,2017-08-03 13:11:04+00:00,1
44.51067,-125.3895,40.258,2017-08-03 13:11:04+00:00,1
44.51067,-125.3895,40.461,2017-08-03 13:11:04+00:00,1
44.51067,-125.3895,51.602,2017-08-03 13:11:04+00:00,1
44.51067,-125.3895,100.555,2017-08-03 13:11:04+00:00,1
44.51067,-125.3895,101.577,2017-08-03 13:11:04+00:00,1
44.51067,-125.3895,250.288,2017-08-03 13:11:04+00:00,2
44.51067,-125.3895,250.613,2017-08-03 13:11:04+00:00,1
44.51067,-125.3895,499.605,2017-08-03 13:11:04+00:00,1
44.51067,-125.3895,1000.757,2017-08-03 13:11:04+00:00,1
44.51067,-125.3895,1500.262,2017-08-03 13:11:04+00:00,1
44.51067,-125.3895,1999.768,2017-08-03 13:11:04+00:00,1
44.51067,-125.3895,2501.449,2017-08-03 13:11:04+00:00,1
44.51067,-125.3895,2501.783,2017-08-03 13:11:04+00:00,1
44.51067,-125.3895,2899.968,2017-08-03 13:11:04+00:00,1
44.51067,-125.3895,2900.118,2017-08-03 13:11:04+00:00,1
44.51167,-125.39967,-9999999.0,2024-08-10 08:15:39+00:00,1
44.5145,-125.38883,49.918,2015-07-06 15:59:45+00:00,1
44.5145,-125.38883,99.872,2015-07-06 15:59:45+00:00,1
44.5145,-125.38883,100.194,2015-07-06 15:59:45+00:00,1
44.5145,-125.38883,149.423,2015-07-06 15:59:45+00:00,1
44.5145,-125.38883,150.277,2015-07-06 15:59:45+00:00,1
44.5145,-125.38883,199.451,2015-07-06 15:59:45+00:00,1
44.5145,-125.38883,199.945,2015-07-06 15:59:45+00:00,1
44.5145,-125.38883,250.046,2015-07-06 15:59:45+00:00,1
44.5145,-125.38883,250.432,2015-07-06 15:59:45+00:00,1
44.5145,-125.38883,499.562,2015-07-06 15:59:45+00:00,1
44.5145,-125.38883,500.405,2015-07-06 15:59:45+00:00,1
44.5145,-125.38883,750.078,2015-07-06 15:59:45+00:00,1
44.5145,-125.38883,750.77,2015-07-06 15:59:45+00:00,1
44.5145,-125.38883,999.816,2015-07-06 15:59:45+00:00,1
44.5145,-125.38883,1000.08,2015-07-06 15:59:45+00:00,1
44.5151221,-125.3901465,-9999999.0,2022-08-09 08:23:41+00:00,3
44.51513416,-125.3898279,-9999999.0,2021-08-06 18:03:00+00:00,2
44.51514055,-125.38982755,-9999999.0,2021-08-06 18:04:00+00:00,2
44.515166666666666,-125.39566666666668,9.878,2022-08-21 17:54:01+00:00,1
44.515166666666666,-125.39566666666668,30.016,2022-08-21 17:54:01+00:00,1
44.515166666666666,-125.39566666666668,49.975,2022-08-21 17:54:01+00:00,1
44.515166666666666,-125.39566666666668,99.984,2022-08-21 17:54:01+00:00,1
44.515166666666666,-125.39566666666668,250.699,2022-08-21 17:54:01+00:00,1
44.515166666666666,-125.39566666666668,500.384,2022-08-21 17:54:01+00:00,1
44.515166666666666,-125.39566666666668,999.986,2022-08-21 17:54:01+00:00,1
44.515166666666666,-125.39566666666668,1999.884,2022-08-21 17:54:01+00:00,1
44.515166666666666,-125.39566666666668,2750.597,2022-08-21 17:54:01+00:00,1
44.515166666666666,-125.39566666666668,2899.332,2022-08-21 17:54:01+00:00,1
44.51520557,-125.39016601,-9999999.0,2023-08-18 04:39:00+00:00,3
44.51531,-125.39,-9999999.0,2019-06-19 05:03:00+00:00,2
44.51558,-125.38999,-9999999.0,2016-07-16 02:55:00+00:00,2
44.51564,-125.39002,-9999999.0,2016-07-16 02:55:00+00:00,2
44.523666666666664,-125.37566666666666,199.873,2023-09-11 19:35:36+00:00,2
44.523666666666664,-125.37566666666666,300.38,2023-09-11 19:35:36+00:00,1
44.523666666666664,-125.37566666666666,499.731,2023-09-11 19:35:36+00:00,1
44.523666666666664,-125.37566666666666,749.84,2023-09-11 19:35:36+00:00,1
44.523666666666664,-125.37566666666666,1000.089,2023-09-11 19:35:36+00:00,1
44.523666666666664,-125.37566666666666,1250.017,2023-09-11 19:35:36+00:00,1
44.523666666666664,-125.37566666666666,1500.024,2023-09-11 19:35:36+00:00,1
44.523666666666664,-125.37566666666666,1749.672,2023-09-11 19:35:36+00:00,1
44.523666666666664,-125.37566666666666,2000.166,2023-09-11 19:35:36+00:00,1
44.523666666666664,-125.37566666666666,2500.246,2023-09-11 19:35:36+00:00,1
44.523666666666664,-125.37566666666666,2749.408,2023-09-11 19:35:36+00:00,1
44.523666666666664,-125.37566666666666,2890.114,2023-09-11 19:35:36+00:00,1
44.52388,-125.39527,-9999999.0,2016-07-15 10:49:38+00:00,1
44.52388,-125.39527,-9999999.0,2016-07-15 10:52:12+00:00,1
44.524166666666666,-125.37533333333332,9.405,2022-08-27 07:31:33+00:00,1
44.524166666666666,-125.37533333333332,29.749,2022-08-27 07:31:33+00:00,1
44.524166666666666,-125.37533333333332,49.991,2022-08-27 07:31:33+00:00,1
44.524166666666666,-125.37533333333332,100.573,2022-08-27 07:31:33+00:00,1
44.524166666666666,-125.37533333333332,250.406,2022-08-27 07:31:33+00:00,1
44.524166666666666,-125.37533333333332,500.506,2022-08-27 07:31:33+00:00,1
44.524166666666666,-125.37533333333332,999.816,2022-08-27 07:31:33+00:00,1
44.524166666666666,-125.37533333333332,2000.402,2022-08-27 07:31:33+00:00,1
44.524166666666666,-125.37533333333332,2749.802,2022-08-27 07:31:33+00:00,2
44.524166666666666,-125.37533333333332,2894.705,2022-08-27 07:31:33+00:00,1
44.52467,-125.38783,11.584,2024-08-09 19:36:49+00:00,2
44.52467,-125.38783,21.423,2024-08-09 19:36:49+00:00,1
44.52467,-125.38783,41.348,2024-08-09 19:36:49+00:00,1
44.52467,-125.38783,61.139,2024-08-09 19:36:49+00:00,1
44.52467,-125.38783,80.981,2024-08-09 19:36:49+00:00,1
44.52467,-125.38783,100.4,2024-08-09 19:36:49+00:00,1
44.52467,-125.38783,120.578,2024-08-09 19:36:49+00:00,1
44.52467,-125.38783,140.06,2024-08-09 19:36:49+00:00,1
44.52467,-125.38783,160.382,2024-08-09 19:36:49+00:00,1
44.52467,-125.38783,180.268,2024-08-09 19:36:49+00:00,1
44.52467,-125.38783,200.43,2024-08-09 19:36:49+00:00,2
44.52467,-125.38783,220.465,2024-08-09 19:36:49+00:00,1
44.525,-125.39567,-9999999.0,2018-06-26 17:28:57+00:00,1
44.525,-125.39567,12.959,2018-06-26 20:23:04+00:00,1
44.525,-125.39567,13.2,2018-06-26 20:23:04+00:00,1
44.525,-125.39567,22.99,2018-06-26 20:23:04+00:00,1
44.525,-125.39567,42.396,2018-06-26 20:23:04+00:00,1
44.525,-125.39567,42.482,2018-06-26 20:23:04+00:00,1
44.525,-125.39567,62.311,2018-06-26 20:23:04+00:00,1
44.525,-125.39567,82.232,2018-06-26 20:23:04+00:00,1
44.525,-125.39567,102.72,2018-06-26 20:23:04+00:00,1
44.525,-125.39567,121.544,2018-06-26 20:23:04+00:00,1
44.525,-125.39567,141.856,2018-06-26 20:23:04+00:00,1
44.525,-125.39567,142.452,2018-06-26 20:23:04+00:00,1
44.525,-125.39567,162.053,2018-06-26 20:23:04+00:00,1
44.525,-125.39567,162.401,2018-06-26 20:23:04+00:00,1
44.525,-125.39567,181.966,2018-06-26 20:23:04+00:00,1
44.525,-125.39567,182.197,2018-06-26 20:23:04+00:00,1
44.525,-125.39567,202.454,2018-06-26 20:23:04+00:00,1
44.525,-125.39567,222.098,2018-06-26 20:23:04+00:00,1
44.526,-125.39433333333334,9.841,2021-08-06 01:43:57+00:00,1
44.526,-125.39433333333334,20.161,2021-08-06 01:43:57+00:00,1
44.526,-125.39433333333334,39.925,2021-08-06 01:43:57+00:00,1
44.526,-125.39433333333334,40.05,2021-08-06 01:43:57+00:00,1
44.526,-125.39433333333334,60.019,2021-08-06 01:43:57+00:00,1
44.526,-125.39433333333334,80.146,2021-08-06 01:43:57+00:00,1
44.526,-125.39433333333334,100.173,2021-08-06 01:43:57+00:00,1
44.526,-125.39433333333334,119.874,2021-08-06 01:43:57+00:00,2
44.526,-125.39433333333334,139.737,2021-08-06 01:43:57+00:00,1
44.526,-125.39433333333334,159.838,2021-08-06 01:43:57+00:00,1
44.526,-125.39433333333334,180.301,2021-08-06 01:43:57+00:00,1
44.526,-125.39433333333334,200.285,2021-08-06 01:43:57+00:00,1
44.526,-125.39433333333334,220.186,2021-08-06 01:43:57+00:00,1
44.52617,-125.37133,13.658,2018-07-25 17:47:23+00:00,1
44.52617,-125.37133,33.598,2018-07-25 17:47:23+00:00,1
44.52617,-125.37133,53.28,2018-07-25 17:47:23+00:00,1
44.52617,-125.37133,103.32,2018-07-25 17:47:23+00:00,1
44.52617,-125.37133,253.393,2018-07-25 17:47:23+00:00,1
44.52617,-125.37133,503.685,2018-07-25 17:47:23+00:00,1
44.52617,-125.37133,503.821,2018-07-25 17:47:23+00:00,1
44.52617,-125.37133,1001.934,2018-07-25 17:47:23+00:00,2
44.52617,-125.37133,1002.284,2018-07-25 17:47:23+00:00,1
44.52617,-125.37133,1502.482,2018-07-25 17:47:23+00:00,1
44.52617,-125.37133,2001.904,2018-07-25 17:47:23+00:00,1
44.52617,-125.37133,2501.101,2018-07-25 17:47:23+00:00,1
44.52617,-125.37133,2501.598,2018-07-25 17:47:23+00:00,2
44.52617,-125.37133,2750.512,2018-07-25 17:47:23+00:00,1
44.52617,-125.37133,2750.8,2018-07-25 17:47:23+00:00,1
44.52617,-125.37133,2894.452,2018-07-25 17:47:23+00:00,1
44.52647932,-125.38023314,-9999999.0,2021-08-23 05:11:00+00:00,1
44.5269,-125.38015,-9999999.0,2018-07-25 14:21:17+00:00,2
44.52698,-125.37971,-9999999.0,2018-07-25 14:21:17+00:00,2
44.52702636,-125.38038934,-9999999.0,2021-08-23 04:20:00+00:00,1
44.52733,-125.37433,10.148,2015-07-23 06:37:48+00:00,1
44.52733,-125.37433,40.457,2015-07-23 06:37:48+00:00,1
44.52733,-125.37433,40.642,2015-07-23 06:37:48+00:00,1
44.52733,-125.37433,2400.424,2015-07-23 06:37:48+00:00,1
44.52733,-125.37433,2599.364,2015-07-23 06:37:48+00:00,1
44.52733,-125.37433,2800.342,2015-07-23 06:37:48+00:00,1
44.52733,-125.37433,2894.642,2015-07-23 06:37:48+00:00,1
44.52744,-125.3807,-9999999.0,2016-08-09 04:28:00+00:00,2
44.5275,-125.38073,-9999999.0,2016-08-09 04:28:00+00:00,2
44.5276,-125.38057,2597.257,2015-07-23 03:11:00+00:00,1
44.52761,-125.38067,2889.495,2015-07-23 03:11:00+00:00,1
44.52766,-125.38065,2697.796,2015-07-23 03:11:00+00:00,1
44.52769,-125.38065,2797.576,2015-07-23 03:11:00+00:00,1
44.52883,-125.39567,10.533,2015-07-16 22:39:54+00:00,1
44.52883,-125.39567,10.721,2015-07-16 22:39:54+00:00,1
44.52883,-125.39567,30.133,2015-07-16 22:39:54+00:00,1
44.52883,-125.39567,30.161,2015-07-16 22:39:54+00:00,1
44.52883,-125.39567,500.287,2015-07-16 22:39:54+00:00,1
44.52883,-125.39567,750.283,2015-07-16 22:39:54+00:00,1
44.52883,-125.39567,1000.04,2015-07-16 22:39:54+00:00,1
44.52883,-125.39567,1501.214,2015-07-16 22:39:54+00:00,1
44.52883,-125.39567,2501.535,2015-07-16 22:39:54+00:00,1
44.52883,-125.39567,2899.439,2015-07-16 22:39:54+00:00,1
44.52883,-125.39183,10.301,2015-07-16 17:52:10+00:00,1
44.52883,-125.39183,10.368,2015-07-16 17:52:10+00:00,1
44.52883,-125.39183,10.464,2015-07-16 16:27:35+00:00,1
44.52883,-125.39183,20.024,2015-07-16 17:52:10+00:00,1
44.52883,-125.39183,20.26,2015-07-16 17:52:10+00:00,1
44.52883,-125.39183,20.28,2015-07-16 16:27:35+00:00,1
44.52883,-125.39183,20.494,2015-07-16 16:27:35+00:00,1
44.52883,-125.39183,39.759,2015-07-16 17:52:10+00:00,1
44.52883,-125.39183,39.804,2015-07-16 17:52:10+00:00,1
44.52883,-125.39183,40.076,2015-07-16 16:27:35+00:00,1
44.52883,-125.39183,40.179,2015-07-16 16:27:35+00:00,1
44.52883,-125.39183,59.668,2015-07-16 17:52:10+00:00,1
44.52883,-125.39183,59.803,2015-07-16 17:52:10+00:00,1
44.52883,-125.39183,60.26,2015-07-16 16:27:35+00:00,1
44.52883,-125.39183,60.413,2015-07-16 16:27:35+00:00,1
44.52883,-125.39183,79.783,2015-07-16 17:52:10+00:00,1
44.52883,-125.39183,79.813,2015-07-16 17:52:10+00:00,1
44.52883,-125.39183,80.335,2015-07-16 16:27:35+00:00,1
44.52883,-125.39183,80.414,2015-07-16 16:27:35+00:00,1
44.52883,-125.39183,100.064,2015-07-16 16:27:35+00:00,1
44.52883,-125.39183,100.079,2015-07-16 17:52:10+00:00,1
44.52883,-125.39183,100.112,2015-07-16 17:52:10+00:00,1
44.52883,-125.39183,100.298,2015-07-16 16:27:35+00:00,1
44.52883,-125.39183,119.509,2015-07-16 17:52:10+00:00,1
44.52883,-125.39183,119.588,2015-07-16 17:52:10+00:00,1
44.52883,-125.39183,120.313,2015-07-16 16:27:35+00:00,1
44.52883,-125.39183,120.369,2015-07-16 16:27:35+00:00,1
44.52883,-125.39183,139.845,2015-07-16 16:27:35+00:00,1
44.52883,-125.39183,139.945,2015-07-16 16:27:35+00:00,1
44.52883,-125.39183,140.325,2015-07-16 17:52:10+00:00,1
44.52883,-125.39183,140.607,2015-07-16 17:52:10+00:00,1
44.52883,-125.39183,159.817,2015-07-16 17:52:10+00:00,1
44.52883,-125.39183,159.862,2015-07-16 16:27:35+00:00,1
44.52883,-125.39183,159.873,2015-07-16 17:52:10+00:00,1
44.52883,-125.39183,159.948,2015-07-16 16:27:35+00:00,1
44.52883,-125.39183,179.399,2015-07-16 17:52:10+00:00,1
44.52883,-125.39183,179.436,2015-07-16 17:52:10+00:00,1
44.52883,-125.39183,179.906,2015-07-16 16:27:35+00:00,1
44.52883,-125.39183,180.221,2015-07-16 16:27:35+00:00,1
44.52883,-125.39183,200.113,2015-07-16 16:27:35+00:00,1
44.52883,-125.39183,200.126,2015-07-16 17:52:10+00:00,1
44.52883,-125.39183,200.154,2015-07-16 17:52:10+00:00,1
44.52883,-125.39183,200.42,2015-07-16 16:27:35+00:00,1
44.52883,-125.39183,219.602,2015-07-16 17:52:10+00:00,1
44.52883,-125.39183,219.686,2015-07-16 17:52:10+00:00,1
44.52883,-125.39183,219.818,2015-07-16 16:27:35+00:00,1
44.52883,-125.39183,219.869,2015-07-16 16:27:35+00:00,1
44.52892,-125.38904,59.486,2015-07-16 20:49:00+00:00,1
44.52895,-125.38899,99.893,2015-07-16 20:49:00+00:00,1
44.52895,-125.38894,157.17,2015-07-16 20:49:00+00:00,1
44.52896,-125.38959,-9999999.0,2018-06-24 01:00:02+00:00,4
44.529,-125.393,11.181,2019-06-14 11:24:21+00:00,2
44.529,-125.393,20.627,2019-06-14 11:24:21+00:00,1
44.529,-125.393,20.68,2019-06-14 11:24:21+00:00,1
44.529,-125.393,40.365,2019-06-14 11:24:21+00:00,1
44.529,-125.393,40.457,2019-06-14 11:24:21+00:00,1
44.529,-125.393,60.165,2019-06-14 11:24:21+00:00,1
44.529,-125.393,60.238,2019-06-14 11:24:21+00:00,1
44.529,-125.393,81.152,2019-06-14 11:24:21+00:00,1
44.529,-125.393,100.224,2019-06-14 11:24:21+00:00,1
44.529,-125.393,121.243,2019-06-14 11:24:21+00:00,1
44.529,-125.393,141.27,2019-06-14 11:24:21+00:00,1
44.529,-125.393,161.044,2019-06-14 11:24:21+00:00,1
44.529,-125.393,179.892,2019-06-14 11:24:21+00:00,1
44.529,-125.393,200.163,2019-06-14 11:24:21+00:00,1
44.529,-125.393,219.896,2019-06-14 11:24:21+00:00,1
44.529,-125.393,219.975,2019-06-14 11:24:21+00:00,1
44.529,-125.39283,-9999999.0,2019-06-27 19:19:43+00:00,1
44.529,-125.39283,12.702,2019-06-27 19:38:18+00:00,1
44.529,-125.39283,32.349,2019-06-27 19:38:18+00:00,1
44.529,-125.39283,42.298,2019-06-27 19:38:18+00:00,1
44.529,-125.39283,42.335,2019-06-27 19:38:18+00:00,1
44.529,-125.39283,62.049,2019-06-27 19:38:18+00:00,1
44.529,-125.39283,82.094,2019-06-27 19:38:18+00:00,1
44.529,-125.39283,101.687,2019-06-27 19:38:18+00:00,1
44.529,-125.39283,121.612,2019-06-27 19:38:18+00:00,1
44.529,-125.39283,121.651,2019-06-27 19:38:18+00:00,1
44.529,-125.39283,141.639,2019-06-27 19:38:18+00:00,1
44.529,-125.39283,161.376,2019-06-27 19:38:18+00:00,1
44.529,-125.39283,181.873,2019-06-27 19:38:18+00:00,1
44.529,-125.39283,181.927,2019-06-27 19:38:18+00:00,1
44.529,-125.39283,201.79,2019-06-27 19:38:18+00:00,1
44.529,-125.39283,221.05,2019-06-27 19:38:18+00:00,1
44.529,-125.3925,10.011,2015-07-07 04:00:12+00:00,1
44.529,-125.3925,20.184,2015-07-07 04:00:12+00:00,1
44.529,-125.3925,40.046,2015-07-07 04:00:12+00:00,1
44.529,-125.3925,60.53,2015-07-07 04:00:12+00:00,1
44.529,-125.3925,80.037,2015-07-07 04:00:12+00:00,1
44.529,-125.3925,99.966,2015-07-07 04:00:12+00:00,1
44.529,-125.3925,120.463,2015-07-07 04:00:12+00:00,1
44.529,-125.3925,139.713,2015-07-07 04:00:12+00:00,1
44.529,-125.3925,159.901,2015-07-07 04:00:12+00:00,1
44.529,-125.3925,179.527,2015-07-07 04:00:12+00:00,1
44.529,-125.3925,199.664,2015-07-07 04:00:12+00:00,1
44.529,-125.3925,219.993,2015-07-07 04:00:12+00:00,1
44.52917,-125.3925,-9999999.0,2017-08-17 07:36:34+00:00,1
44.52917,-125.3925,-9999999.0,2017-08-17 08:00:53+00:00,1
44.52917,-125.3925,10.148,2017-08-17 08:17:13+00:00,1
44.52917,-125.3925,10.556,2017-08-17 08:17:13+00:00,1
44.52917,-125.3925,20.032,2017-08-17 08:17:13+00:00,1
44.52917,-125.3925,40.325,2017-08-17 08:17:13+00:00,1
44.52917,-125.3925,40.51,2017-08-17 08:17:13+00:00,1
44.52917,-125.3925,60.691,2017-08-17 08:17:13+00:00,1
44.52917,-125.3925,80.551,2017-08-17 08:17:13+00:00,1
44.52917,-125.3925,101.201,2017-08-17 08:17:13+00:00,1
44.52917,-125.3925,121.261,2017-08-17 08:17:13+00:00,1
44.52917,-125.3925,139.309,2017-08-17 08:17:13+00:00,1
44.52917,-125.3925,160.203,2017-08-17 08:17:13+00:00,1
44.52917,-125.3925,180.277,2017-08-17 08:17:13+00:00,1
44.52917,-125.3925,200.777,2017-08-17 08:17:13+00:00,1
44.52917,-125.3925,220.276,2017-08-17 08:17:13+00:00,1
44.52917,-125.3925,220.391,2017-08-17 08:17:13+00:00,1
44.52933,-125.3965,-9999999.0,2018-07-10 22:20:30+00:00,1
44.52933,-125.3965,14.78,2018-07-10 22:43:40+00:00,1
44.52933,-125.3965,24.948,2018-07-10 22:43:40+00:00,1
44.52933,-125.3965,54.517,2018-07-10 22:43:40+00:00,1
44.52933,-125.3965,104.479,2018-07-10 22:43:40+00:00,1
44.52933,-125.3965,254.273,2018-07-10 22:43:40+00:00,1
44.52933,-125.3965,504.776,2018-07-10 22:43:40+00:00,1
44.52933,-125.3965,1003.265,2018-07-10 22:43:40+00:00,1
44.52933,-125.3965,1504.104,2018-07-10 22:43:40+00:00,1
44.52933,-125.3965,2003.655,2018-07-10 22:43:40+00:00,1
44.52933,-125.3965,2502.764,2018-07-10 22:43:40+00:00,1
44.52933,-125.3965,2503.273,2018-07-10 22:43:40+00:00,1
44.52933,-125.3965,2702.467,2018-07-10 22:43:40+00:00,1
44.52933,-125.3965,2702.606,2018-07-10 22:43:40+00:00,1
44.52933,-125.3965,2897.936,2018-07-10 22:43:40+00:00,1
44.52933,-125.39283,-9999999.0,2018-07-10 20:25:17+00:00,1
44.52933,-125.39283,12.596,2018-07-10 20:45:57+00:00,1
44.52933,-125.39283,12.801,2018-07-10 20:45:57+00:00,1
44.52933,-125.39283,22.365,2018-07-10 20:45:57+00:00,1
44.52933,-125.39283,42.324,2018-07-10 20:45:57+00:00,1
44.52933,-125.39283,42.518,2018-07-10 20:45:57+00:00,1
44.52933,-125.39283,62.186,2018-07-10 20:45:57+00:00,1
44.52933,-125.39283,82.152,2018-07-10 20:45:57+00:00,1
44.52933,-125.39283,101.928,2018-07-10 20:45:57+00:00,1
44.52933,-125.39283,121.976,2018-07-10 20:45:57+00:00,1
44.52933,-125.39283,122.041,2018-07-10 20:45:57+00:00,1
44.52933,-125.39283,141.818,2018-07-10 20:45:57+00:00,1
44.52933,-125.39283,162.0,2018-07-10 20:45:57+00:00,1
44.52933,-125.39283,181.97,2018-07-10 20:45:57+00:00,1
44.52933,-125.39283,182.127,2018-07-10 20:45:57+00:00,1
44.52933,-125.39283,202.017,2018-07-10 20:45:57+00:00,1
44.52933,-125.39283,221.869,2018-07-10 20:45:57+00:00,1
44.52933,-125.39083,-9999999.0,2018-07-10 19:40:01+00:00,1
44.5299,-125.38754,30.281,2015-07-16 20:49:00+00:00,1
44.531333333333336,-125.38333333333334,10.101,2022-09-15 22:36:55+00:00,1
44.531333333333336,-125.38333333333334,19.774,2022-09-15 22:36:55+00:00,1
44.531333333333336,-125.38333333333334,39.887,2022-09-15 22:36:55+00:00,1
44.531333333333336,-125.38333333333334,60.579,2022-09-15 22:36:55+00:00,1
44.531333333333336,-125.38333333333334,80.4,2022-09-15 22:36:55+00:00,1
44.531333333333336,-125.38333333333334,99.658,2022-09-15 22:36:55+00:00,2
44.531333333333336,-125.38333333333334,120.344,2022-09-15 22:36:55+00:00,1
44.531333333333336,-125.38333333333334,140.065,2022-09-15 22:36:55+00:00,1
44.531333333333336,-125.38333333333334,159.799,2022-09-15 22:36:55+00:00,1
44.531333333333336,-125.38333333333334,180.489,2022-09-15 22:36:55+00:00,1
44.531333333333336,-125.38333333333334,180.705,2022-09-15 22:36:55+00:00,1
44.531333333333336,-125.38333333333334,199.896,2022-09-15 22:36:55+00:00,1
44.531333333333336,-125.38333333333334,200.121,2022-09-15 22:36:55+00:00,1
44.531333333333336,-125.38333333333334,220.563,2022-09-15 22:36:55+00:00,1
44.531333333333336,-125.38333333333334,220.658,2022-09-15 22:36:55+00:00,1
44.53167,-125.38033,200.408,2024-08-23 09:16:46+00:00,1
44.53167,-125.38033,254.854,2024-08-23 09:16:46+00:00,1
44.53167,-125.38033,499.638,2024-08-23 09:16:46+00:00,1
44.53167,-125.38033,750.307,2024-08-23 09:16:46+00:00,1
44.53167,-125.38033,1000.627,2024-08-23 09:16:46+00:00,1
44.53167,-125.38033,1250.013,2024-08-23 09:16:46+00:00,1
44.53167,-125.38033,1750.641,2024-08-23 09:16:46+00:00,1
44.53167,-125.38033,1999.473,2024-08-23 09:16:46+00:00,1
44.53167,-125.38033,1999.871,2024-08-23 09:16:46+00:00,1
44.53167,-125.38033,2500.226,2024-08-23 09:16:46+00:00,1
44.53167,-125.38033,2749.085,2024-08-23 09:16:46+00:00,1
44.532833333333336,-125.39166666666668,9.954,2023-08-16 22:53:46+00:00,1
44.532833333333336,-125.39166666666668,20.331,2023-08-16 22:53:46+00:00,1
44.532833333333336,-125.39166666666668,40.166,2023-08-16 22:53:46+00:00,1
44.532833333333336,-125.39166666666668,59.978,2023-08-16 22:53:46+00:00,2
44.532833333333336,-125.39166666666668,80.016,2023-08-16 22:53:46+00:00,1
44.532833333333336,-125.39166666666668,99.995,2023-08-16 22:53:46+00:00,1
44.532833333333336,-125.39166666666668,120.27,2023-08-16 22:53:46+00:00,1
44.532833333333336,-125.39166666666668,140.309,2023-08-16 22:53:46+00:00,1
44.532833333333336,-125.39166666666668,160.191,2023-08-16 22:53:46+00:00,1
44.532833333333336,-125.39166666666668,179.899,2023-08-16 22:53:46+00:00,1
44.532833333333336,-125.39166666666668,200.542,2023-08-16 22:53:46+00:00,1
44.532833333333336,-125.39166666666668,221.228,2023-08-16 22:53:46+00:00,1
44.53583333,-125.3803333,10.46,2020-08-11 04:28:22+00:00,1
44.53583333,-125.3803333,20.225,2020-08-11 04:28:22+00:00,1
44.53583333,-125.3803333,20.5,2020-08-11 04:28:22+00:00,1
44.53583333,-125.3803333,39.894,2020-08-11 04:28:22+00:00,1
44.53583333,-125.3803333,60.228,2020-08-11 04:28:22+00:00,1
44.53583333,-125.3803333,60.759,2020-08-11 04:28:22+00:00,1
44.53583333,-125.3803333,80.941,2020-08-11 04:28:22+00:00,1
44.53583333,-125.3803333,99.818,2020-08-11 04:28:22+00:00,1
44.53583333,-125.3803333,119.843,2020-08-11 04:28:22+00:00,1
44.53583333,-125.3803333,120.219,2020-08-11 04:28:22+00:00,1
44.53583333,-125.3803333,140.554,2020-08-11 04:28:22+00:00,1
44.53583333,-125.3803333,161.415,2020-08-11 04:28:22+00:00,1
44.53583333,-125.3803333,179.912,2020-08-11 04:28:22+00:00,1
44.53583333,-125.3803333,200.309,2020-08-11 04:28:22+00:00,1
44.53583333,-125.3803333,220.044,2020-08-11 04:28:22+00:00,1
44.53583333,-125.3803333,899.938,2020-08-11 05:48:08+00:00,1
44.53583333,-125.3803333,1499.968,2020-08-11 05:48:08+00:00,1
44.53583333,-125.3803333,2250.082,2020-08-11 05:48:08+00:00,1
44.53583333,-125.3803333,2600.153,2020-08-11 05:48:08+00:00,1
44.53583333,-125.3801667,-9999999.0,2020-08-11 04:00:14+00:00,1
44.53694,-125.38888,10.239,2016-07-16 17:14:49+00:00,2
44.53694,-125.38888,20.947,2016-07-16 17:14:49+00:00,2
44.53694,-125.38888,40.433,2016-07-16 17:14:49+00:00,2
44.53694,-125.38888,60.23,2016-07-16 17:14:49+00:00,1
44.53694,-125.38888,80.164,2016-07-16 17:14:49+00:00,1
44.53694,-125.38888,100.087,2016-07-16 17:14:49+00:00,1
44.53694,-125.38888,119.871,2016-07-16 17:14:49+00:00,1
44.53694,-125.38888,139.787,2016-07-16 17:14:49+00:00,1
44.53694,-125.38888,160.774,2016-07-16 17:14:49+00:00,1
44.53694,-125.38888,180.549,2016-07-16 17:14:49+00:00,1
44.53694,-125.38888,200.628,2016-07-16 17:14:49+00:00,1
44.53694,-125.38888,221.905,2016-07-16 17:14:49+00:00,1
44.53694,-125.38611,-9999999.0,2016-07-18 18:48:12+00:00,1
44.53694,-125.38555,-9999999.0,2016-07-18 19:22:29+00:00,1
44.53694,-125.38555,10.088,2016-07-18 19:44:35+00:00,2
44.53694,-125.38555,20.02,2016-07-18 19:44:35+00:00,2
44.53694,-125.38555,40.07,2016-07-18 19:44:35+00:00,2
44.53694,-125.38555,59.794,2016-07-18 19:44:35+00:00,2
44.53694,-125.38555,80.058,2016-07-18 19:44:35+00:00,1
44.53694,-125.38555,99.548,2016-07-18 19:44:35+00:00,1
44.53694,-125.38555,120.079,2016-07-18 19:44:35+00:00,1
44.53694,-125.38555,140.135,2016-07-18 19:44:35+00:00,1
44.53694,-125.38555,160.264,2016-07-18 19:44:35+00:00,1
44.53694,-125.38555,179.641,2016-07-18 19:44:35+00:00,1
44.53694,-125.38555,199.893,2016-07-18 19:44:35+00:00,1
44.53694,-125.38555,220.178,2016-07-18 19:44:35+00:00,1
44.5375,-125.3785,10.356,2020-08-03 15:17:41+00:00,1
44.5375,-125.3785,30.384,2020-08-03 15:17:41+00:00,1
44.5375,-125.3785,50.412,2020-08-03 15:17:41+00:00,1
44.5375,-125.3785,100.019,2020-08-03 15:17:41+00:00,1
44.5375,-125.3785,199.979,2020-08-03 15:17:41+00:00,1
44.5375,-125.3785,250.171,2020-08-03 15:17:41+00:00,1
44.5375,-125.3785,299.772,2020-08-03 15:17:41+00:00,1
44.5375,-125.3785,500.391,2020-08-03 15:17:41+00:00,1
44.5375,-125.3785,1001.314,2020-08-03 15:17:41+00:00,1
44.5375,-125.3785,1800.71,2020-08-03 15:17:41+00:00,1
44.56833,-125.146,-9999999.0,2015-07-17 15:09:53+00:00,1
44.56833,-125.146,-9999999.0,2015-07-17 16:00:17+00:00,1
44.56833,-125.146,-9999999.0,2015-07-17 16:40:04+00:00,1
44.56917,-125.14733,-9999999.0,2015-07-15 13:08:41+00:00,1
44.56933,-125.1475,-9999999.0,2015-07-15 14:02:31+00:00,1
44.56966666666667,-125.14666666666666,10.086,2022-08-21 06:35:11+00:00,1
44.56966666666667,-125.14666666666666,20.028,2022-08-21 06:35:11+00:00,1
44.56966666666667,-125.14666666666666,49.888,2022-08-21 06:35:11+00:00,1
44.56966666666667,-125.14666666666666,100.143,2022-08-21 06:35:11+00:00,1
44.56966666666667,-125.14666666666666,150.342,2022-08-21 06:35:11+00:00,1
44.56966666666667,-125.14666666666666,200.281,2022-08-21 06:35:11+00:00,1
44.56966666666667,-125.14666666666666,250.01,2022-08-21 06:35:11+00:00,1
44.56966666666667,-125.14666666666666,400.083,2022-08-21 06:35:11+00:00,1
44.56966666666667,-125.14666666666666,500.441,2022-08-21 06:35:11+00:00,1
44.56966666666667,-125.14666666666666,702.914,2022-08-21 06:35:11+00:00,1
44.56966666666667,-125.14666666666666,769.564,2022-08-21 06:35:11+00:00,2
44.56982892,-125.146569,-9999999.0,2023-08-28 06:10:39+00:00,1
44.5698676,-125.1467985,-9999999.0,2022-08-21 03:22:06+00:00,1
44.57133333,-125.1466667,-9999999.0,2020-08-20 20:52:49+00:00,1
44.63372,-124.30836,-9999999.0,2024-08-19 03:32:00.670000+00:00,2
44.63372,-124.30836,-9999999.0,2024-08-19 03:33:39.733000+00:00,1
44.63381,-124.30754,-9999999.0,2024-08-16 14:09:45.686000+00:00,2
44.63382,-124.30755,-9999999.0,2024-08-16 14:08:55.857000+00:00,1
44.637,-124.305,2.298,2015-08-02 20:11:22+00:00,1
44.637,-124.305,2.56,2015-08-02 20:11:22+00:00,1
44.637,-124.305,7.178,2015-08-02 20:11:22+00:00,1
44.637,-124.305,7.246,2015-08-02 20:11:22+00:00,1
44.637,-124.305,79.921,2015-08-02 20:11:22+00:00,1
44.637,-124.305,79.941,2015-08-02 20:11:22+00:00,1
44.63706,-124.30597,-9999999.0,2019-06-20 04:42:01+00:00,2
44.63717,-124.306,1.834,2015-07-31 09:46:26+00:00,1
44.63717,-124.306,1.946,2015-07-31 09:46:26+00:00,1
44.63717,-124.306,6.947,2015-07-31 09:46:26+00:00,1
44.63717,-124.306,7.155,2015-07-31 09:46:26+00:00,1
44.63717,-124.306,79.728,2015-07-31 09:46:26+00:00,1
44.63717,-124.306,79.781,2015-07-31 09:46:26+00:00,1
44.63718268,-124.3057942,-9999999.0,2020-08-13 05:33:00.893000+00:00,2
44.6371876,-124.3056881,-9999999.0,2022-08-19 07:38:49+00:00,2
44.63721058,-124.30574781,-9999999.0,2023-08-22 14:34:21+00:00,1
44.63721099,-124.30574754,-9999999.0,2023-08-22 14:32:26+00:00,2
44.63723014,-124.3058499,-9999999.0,2020-08-13 05:33:00.893000+00:00,2
45.8085,-129.74533,-9999999.0,2019-06-06 19:16:00+00:00,1
45.81678431,-129.7540016,-9999999.0,2023-09-13 05:18:09+00:00,3
45.8168141,-129.7540014,-9999999.0,2022-08-29 13:12:29+00:00,2
45.8168164,-129.7539992,-9999999.0,2022-08-29 13:13:00+00:00,1
45.81690812,-129.75396431,-9999999.0,2021-08-04 06:19:00+00:00,1
45.81691077,-129.75396656,-9999999.0,2021-08-04 06:20:00+00:00,2
45.81693,-129.75426,-9999999.0,2016-07-12 21:05:00+00:00,3
45.8175,-129.74533,-9999999.0,2019-06-05 17:09:28+00:00,1
45.823,-129.75667,-9999999.0,2015-07-13 09:19:30+00:00,1
45.824666666666666,-129.75966666666667,10.14,2023-09-03 04:41:43+00:00,1
45.824666666666666,-129.75966666666667,30.016,2023-09-03 04:41:43+00:00,1
45.824666666666666,-129.75966666666667,49.631,2023-09-03 04:41:43+00:00,1
45.824666666666666,-129.75966666666667,99.667,2023-09-03 04:41:43+00:00,1
45.824666666666666,-129.75966666666667,249.643,2023-09-03 04:41:43+00:00,1
45.824666666666666,-129.75966666666667,499.215,2023-09-03 04:41:43+00:00,1
45.824666666666666,-129.75966666666667,1001.272,2023-09-03 04:41:43+00:00,2
45.824666666666666,-129.75966666666667,2001.048,2023-09-03 04:41:43+00:00,1
45.824666666666666,-129.75966666666667,2400.427,2023-09-03 04:41:43+00:00,1
45.824666666666666,-129.75966666666667,2600.122,2023-09-03 04:41:43+00:00,1
45.82583,-129.74183,-9999999.0,2019-06-05 23:06:57+00:00,1
45.82633,-129.76367,-9999999.0,2018-07-27 04:03:36+00:00,1
45.82633,-129.76333,200.583,2024-08-29 22:36:03+00:00,1
45.82633,-129.76333,300.643,2024-08-29 22:36:03+00:00,1
45.82633,-129.76333,500.342,2024-08-29 22:36:03+00:00,1
45.82633,-129.76333,750.2,2024-08-29 22:36:03+00:00,1
45.82633,-129.76333,1001.141,2024-08-29 22:36:03+00:00,1
45.82633,-129.76333,1250.79,2024-08-29 22:36:03+00:00,1
45.82633,-129.76333,1750.574,2024-08-29 22:36:03+00:00,1
45.82633,-129.76333,2000.807,2024-08-29 22:36:03+00:00,1
45.82633,-129.76333,2250.931,2024-08-29 22:36:03+00:00,1
45.82633,-129.76333,2400.683,2024-08-29 22:36:03+00:00,2
45.8265,-129.74733333333333,12.474,2022-08-12 19:38:50+00:00,1
45.8265,-129.74733333333333,19.844,2022-08-12 19:38:50+00:00,1
45.8265,-129.74733333333333,40.283,2022-08-12 19:38:50+00:00,1
45.8265,-129.74733333333333,59.943,2022-08-12 19:38:50+00:00,1
45.8265,-129.74733333333333,80.341,2022-08-12 19:38:50+00:00,1
45.8265,-129.74733333333333,100.391,2022-08-12 19:38:50+00:00,1
45.8265,-129.74733333333333,120.346,2022-08-12 19:38:50+00:00,1
45.8265,-129.74733333333333,139.844,2022-08-12 19:38:50+00:00,1
45.8265,-129.74733333333333,160.202,2022-08-12 19:38:50+00:00,1
45.8265,-129.74733333333333,179.58,2022-08-12 19:38:50+00:00,1
45.8265,-129.74733333333333,200.108,2022-08-12 19:38:50+00:00,1
45.8265,-129.74733333333333,220.583,2022-08-12 19:38:50+00:00,2
45.82667,-129.749,9.895,2024-08-12 01:28:09+00:00,2
45.82667,-129.749,19.759,2024-08-12 01:28:09+00:00,1
45.82667,-129.749,39.948,2024-08-12 01:28:09+00:00,1
45.82667,-129.749,61.538,2024-08-12 01:28:09+00:00,1
45.82667,-129.749,81.509,2024-08-12 01:28:09+00:00,1
45.82667,-129.749,100.039,2024-08-12 01:28:09+00:00,1
45.82667,-129.749,120.734,2024-08-12 01:28:09+00:00,2
45.82667,-129.749,140.71,2024-08-12 01:28:09+00:00,2
45.82667,-129.749,160.46,2024-08-12 01:28:09+00:00,2
45.82667,-129.749,180.741,2024-08-12 01:28:09+00:00,1
45.82667,-129.749,200.325,2024-08-12 01:28:09+00:00,2
45.82667,-129.749,220.695,2024-08-12 01:28:09+00:00,1
45.8295,-129.74617,2.579,2019-06-17 22:27:51+00:00,1
45.8295,-129.74617,2.582,2019-06-17 22:27:51+00:00,1
45.8295,-129.74617,50.889,2019-06-17 22:27:51+00:00,1
45.8295,-129.74617,75.974,2019-06-17 22:27:51+00:00,1
45.8295,-129.74617,100.353,2019-06-17 22:27:51+00:00,3
45.8295,-129.74617,100.448,2019-06-17 22:27:51+00:00,3
45.8295,-129.74617,199.034,2019-06-17 22:27:51+00:00,1
45.8295,-129.74617,199.123,2019-06-17 22:27:51+00:00,1
45.8295,-129.74617,500.439,2019-06-17 22:27:51+00:00,1
45.8295,-129.74617,749.752,2019-06-17 22:27:51+00:00,1
45.8295,-129.74617,1000.244,2019-06-17 22:27:51+00:00,1
45.8295,-129.74617,1250.025,2019-06-17 22:27:51+00:00,1
45.8295,-129.74617,1499.423,2019-06-17 22:27:51+00:00,1
45.8295,-129.74617,2001.881,2019-06-17 22:27:51+00:00,1
45.8295,-129.74617,2249.557,2019-06-17 22:27:51+00:00,1
45.8295,-129.74617,2500.5,2019-06-17 22:27:51+00:00,1
45.8295,-129.74617,2599.892,2019-06-17 22:27:51+00:00,1
45.8295,-129.746,10.078,2021-09-01 05:03:07+00:00,1
45.8295,-129.746,20.244,2021-09-01 05:03:07+00:00,1
45.8295,-129.746,40.182,2021-09-01 05:03:07+00:00,1
45.8295,-129.746,40.204,2021-09-01 05:03:07+00:00,1
45.8295,-129.746,60.214,2021-09-01 05:03:07+00:00,1
45.8295,-129.746,60.375,2021-09-01 05:03:07+00:00,1
45.8295,-129.746,75.046,2021-09-01 05:03:07+00:00,2
45.8295,-129.746,99.95,2021-09-01 05:03:07+00:00,1
45.8295,-129.746,100.051,2021-09-01 05:03:07+00:00,1
45.8295,-129.746,250.064,2021-09-01 05:03:07+00:00,1
45.8295,-129.746,500.032,2021-09-01 05:03:07+00:00,1
45.8295,-129.746,750.025,2021-09-01 05:03:07+00:00,1
45.8295,-129.746,900.176,2021-09-01 05:03:07+00:00,1
45.8295,-129.746,1500.187,2021-09-01 05:03:07+00:00,1
45.8295,-129.746,2000.042,2021-09-01 05:03:07+00:00,1
45.8295,-129.746,2399.525,2021-09-01 05:03:07+00:00,2
45.8295,-129.746,2599.974,2021-09-01 05:03:07+00:00,1
45.8295,-129.746,2599.975,2021-09-01 05:03:07+00:00,1
45.82955,-129.75927,-9999999.0,2017-08-23 09:37:00+00:00,1
45.82956,-129.75927,-9999999.0,2017-08-23 09:37:00+00:00,1
45.82965,-129.75931,-9999999.0,2017-08-23 09:37:00+00:00,1
45.82966,-129.75931,-9999999.0,2017-08-23 09:37:00+00:00,1
45.82967,-129.74633,10.905,2019-07-07 06:22:44+00:00,1
45.82967,-129.74633,10.918,2019-07-07 06:22:44+00:00,1
45.82967,-129.74633,20.844,2019-07-07 06:22:44+00:00,1
45.82967,-129.74633,21.097,2019-07-07 06:22:44+00:00,1
45.82967,-129.74633,21.46,2019-07-07 08:17:00+00:00,1
45.82967,-129.74633,40.619,2019-07-07 06:22:44+00:00,1
45.82967,-129.74633,40.7,2019-07-07 06:22:44+00:00,1
45.82967,-129.74633,40.902,2019-07-07 08:17:00+00:00,1
45.82967,-129.74633,40.971,2019-07-07 08:17:00+00:00,1
45.82967,-129.74633,60.063,2019-07-07 06:22:44+00:00,1
45.82967,-129.74633,60.163,2019-07-07 06:22:44+00:00,1
45.82967,-129.74633,60.712,2019-07-07 08:17:00+00:00,1
45.82967,-129.74633,60.714,2019-07-07 08:17:00+00:00,1
45.82967,-129.74633,75.371,2019-07-07 08:17:00+00:00,2
45.82967,-129.74633,75.513,2019-07-07 08:17:00+00:00,1
45.82967,-129.74633,79.858,2019-07-07 06:22:44+00:00,1
45.82967,-129.74633,80.044,2019-07-07 06:22:44+00:00,1
45.82967,-129.74633,100.021,2019-07-07 06:22:44+00:00,1
45.82967,-129.74633,100.05,2019-07-07 08:17:00+00:00,1
45.82967,-129.74633,100.291,2019-07-07 06:22:44+00:00,1
45.82967,-129.74633,119.761,2019-07-07 06:22:44+00:00,1
45.82967,-129.74633,119.934,2019-07-07 06:22:44+00:00,1
45.82967,-129.74633,139.752,2019-07-07 06:22:44+00:00,1
45.82967,-129.74633,160.055,2019-07-07 06:22:44+00:00,1
45.82967,-129.74633,179.957,2019-07-07 06:22:44+00:00,1
45.82967,-129.74633,199.902,2019-07-07 06:22:44+00:00,1
45.82967,-129.74633,219.88,2019-07-07 06:22:44+00:00,1
45.82967,-129.74633,250.348,2019-07-07 08:17:00+00:00,1
45.82967,-129.74633,500.224,2019-07-07 08:17:00+00:00,1
45.82967,-129.74633,750.143,2019-07-07 08:17:00+00:00,1
45.82967,-129.74633,900.174,2019-07-07 08:17:00+00:00,2
45.82967,-129.74633,900.529,2019-07-07 08:17:00+00:00,2
45.82967,-129.74633,1500.49,2019-07-07 08:17:00+00:00,1
45.82967,-129.74633,2399.961,2019-07-07 08:17:00+00:00,2
45.82967,-129.74633,2599.315,2019-07-07 08:17:00+00:00,1
45.82968,-129.75904,2400.152,2015-07-28 18:49:00+00:00,1
45.8297,-129.75901,2476.273,2015-07-28 18:49:00+00:00,1
45.83017,-129.74667,10.561,2018-07-27 06:21:49+00:00,1
45.83017,-129.74667,13.348,2018-07-02 20:59:24+00:00,2
45.83017,-129.74667,20.874,2018-07-27 06:21:49+00:00,1
45.83017,-129.74667,20.916,2018-07-27 06:21:49+00:00,1
45.83017,-129.74667,23.048,2018-07-02 20:59:24+00:00,3
45.83017,-129.74667,40.45,2018-07-27 06:21:49+00:00,1
45.83017,-129.74667,40.495,2018-07-27 06:21:49+00:00,1
45.83017,-129.74667,43.34,2018-07-02 20:59:24+00:00,1
45.83017,-129.74667,60.192,2018-07-27 06:21:49+00:00,1
45.83017,-129.74667,60.242,2018-07-27 06:21:49+00:00,1
45.83017,-129.74667,63.277,2018-07-02 20:59:24+00:00,1
45.83017,-129.74667,83.273,2018-07-02 20:59:24+00:00,1
45.83017,-129.74667,99.962,2018-07-27 06:21:49+00:00,1
45.83017,-129.74667,102.957,2018-07-02 20:59:24+00:00,1
45.83017,-129.74667,122.554,2018-07-02 20:59:24+00:00,1
45.83017,-129.74667,122.616,2018-07-02 20:59:24+00:00,2
45.83017,-129.74667,142.753,2018-07-02 20:59:24+00:00,1
45.83017,-129.74667,162.529,2018-07-02 20:59:24+00:00,1
45.83017,-129.74667,182.57,2018-07-02 20:59:24+00:00,1
45.83017,-129.74667,202.768,2018-07-02 20:59:24+00:00,1
45.83017,-129.74667,222.25,2018-07-02 20:59:24+00:00,1
45.83017,-129.74667,249.925,2018-07-27 06:21:49+00:00,1
45.83017,-129.74667,250.397,2018-07-27 06:21:49+00:00,1
45.83017,-129.74667,500.377,2018-07-27 06:21:49+00:00,1
45.83017,-129.74667,998.401,2018-07-27 06:21:49+00:00,1
45.83017,-129.74667,1503.872,2018-07-27 06:21:49+00:00,1
45.83017,-129.74667,2002.301,2018-07-27 06:21:49+00:00,1
45.83017,-129.74667,2502.658,2018-07-27 06:21:49+00:00,2
45.83017,-129.74667,2601.519,2018-07-27 06:21:49+00:00,1
45.83017,-129.74667,2601.888,2018-07-27 06:21:49+00:00,1
45.83017,-129.74617,10.347,2017-07-30 11:01:22+00:00,2
45.83017,-129.74617,40.21,2017-07-30 11:01:22+00:00,1
45.83017,-129.74617,60.586,2017-07-30 11:01:22+00:00,1
45.83017,-129.74617,159.809,2017-07-30 11:01:22+00:00,1
45.83017,-129.74617,179.964,2017-07-30 11:01:22+00:00,1
45.83017,-129.74617,180.047,2017-07-30 11:01:22+00:00,1
45.83017,-129.74617,200.856,2017-07-30 11:01:22+00:00,1
45.83017,-129.74617,201.205,2017-07-30 11:01:22+00:00,1
45.83017,-129.74617,220.594,2017-07-30 11:01:22+00:00,1
45.83017,-129.74617,220.602,2017-07-30 11:01:22+00:00,1
45.83017,-129.74617,2602.948,2017-07-30 11:01:22+00:00,1
45.83017,-129.74617,2603.241,2017-07-30 11:01:22+00:00,1
45.83033,-129.75667,-9999999.0,2015-07-13 12:15:57+00:00,1
45.83033,-129.7565,9.947,2015-07-08 16:56:17+00:00,1
45.83033,-129.7565,10.008,2015-07-08 16:56:17+00:00,1
45.83033,-129.7565,10.11,2015-07-08 18:24:34+00:00,1
45.83033,-129.7565,10.273,2015-07-08 18:24:34+00:00,1
45.83033,-129.7565,19.826,2015-07-08 18:24:34+00:00,1
45.83033,-129.7565,20.007,2015-07-08 18:24:34+00:00,1
45.83033,-129.7565,20.034,2015-07-08 16:56:17+00:00,1
45.83033,-129.7565,20.085,2015-07-08 16:56:17+00:00,1
45.83033,-129.7565,39.937,2015-07-08 16:56:17+00:00,1
45.83033,-129.7565,40.183,2015-07-08 16:56:17+00:00,1
45.83033,-129.7565,40.344,2015-07-08 18:24:34+00:00,1
45.83033,-129.7565,40.569,2015-07-08 18:24:34+00:00,1
45.83033,-129.7565,59.731,2015-07-08 18:24:34+00:00,1
45.83033,-129.7565,60.07,2015-07-08 18:24:34+00:00,1
45.83033,-129.7565,60.539,2015-07-08 16:56:17+00:00,1
45.83033,-129.7565,60.696,2015-07-08 16:56:17+00:00,1
45.83033,-129.7565,79.762,2015-07-08 18:24:34+00:00,1
45.83033,-129.7565,79.965,2015-07-08 18:24:34+00:00,1
45.83033,-129.7565,80.421,2015-07-08 16:56:17+00:00,1
45.83033,-129.7565,80.712,2015-07-08 16:56:17+00:00,1
45.83033,-129.7565,99.56,2015-07-08 16:56:17+00:00,1
45.83033,-129.7565,99.834,2015-07-08 16:56:17+00:00,1
45.83033,-129.7565,100.29,2015-07-08 18:24:34+00:00,1
45.83033,-129.7565,100.449,2015-07-08 18:24:34+00:00,1
45.83033,-129.7565,119.75,2015-07-08 16:56:17+00:00,1
45.83033,-129.7565,119.918,2015-07-08 16:56:17+00:00,1
45.83033,-129.7565,119.928,2015-07-08 18:24:34+00:00,1
45.83033,-129.7565,120.119,2015-07-08 18:24:34+00:00,1
45.83033,-129.7565,139.95,2015-07-08 18:24:34+00:00,1
45.83033,-129.7565,140.001,2015-07-08 16:56:17+00:00,1
45.83033,-129.7565,140.172,2015-07-08 18:24:34+00:00,1
45.83033,-129.7565,140.221,2015-07-08 16:56:17+00:00,1
45.83033,-129.7565,159.738,2015-07-08 16:56:17+00:00,1
45.83033,-129.7565,159.893,2015-07-08 18:24:34+00:00,1
45.83033,-129.7565,160.033,2015-07-08 18:24:34+00:00,1
45.83033,-129.7565,160.085,2015-07-08 16:56:17+00:00,1
45.83033,-129.7565,179.365,2015-07-08 16:56:17+00:00,1
45.83033,-129.7565,179.63,2015-07-08 16:56:17+00:00,1
45.83033,-129.7565,180.241,2015-07-08 18:24:34+00:00,1
45.83033,-129.7565,180.425,2015-07-08 18:24:34+00:00,1
45.83033,-129.7565,199.44,2015-07-08 18:24:34+00:00,1
45.83033,-129.7565,199.472,2015-07-08 16:56:17+00:00,1
45.83033,-129.7565,199.768,2015-07-08 18:24:34+00:00,1
45.83033,-129.7565,199.891,2015-07-08 16:56:17+00:00,1
45.83033,-129.7565,219.451,2015-07-08 18:24:34+00:00,1
45.83033,-129.7565,219.609,2015-07-08 16:56:17+00:00,1
45.83033,-129.7565,219.741,2015-07-08 18:24:34+00:00,1
45.83033,-129.7565,219.929,2015-07-08 16:56:17+00:00,1
45.83033,-129.756,-9999999.0,2015-07-13 13:05:34+00:00,1
45.83033,-129.75533,-9999999.0,2015-07-13 13:44:54+00:00,1
45.83033,-129.75533,-9999999.0,2015-07-13 14:17:53+00:00,1
45.83033,-129.75533,10.085,2015-07-13 15:25:35+00:00,1
45.83033,-129.75533,10.191,2015-07-13 17:03:53+00:00,1
45.83033,-129.75533,10.259,2015-07-13 15:25:35+00:00,1
45.83033,-129.75533,10.277,2015-07-13 17:03:53+00:00,1
45.83033,-129.75533,19.87,2015-07-13 15:25:35+00:00,1
45.83033,-129.75533,19.885,2015-07-13 17:03:53+00:00,1
45.83033,-129.75533,20.039,2015-07-13 17:03:53+00:00,1
45.83033,-129.75533,20.05,2015-07-13 15:25:35+00:00,1
45.83033,-129.75533,39.778,2015-07-13 15:25:35+00:00,1
45.83033,-129.75533,39.933,2015-07-13 17:03:53+00:00,1
45.83033,-129.75533,40.209,2015-07-13 15:25:35+00:00,1
45.83033,-129.75533,40.211,2015-07-13 17:03:53+00:00,1
45.83033,-129.75533,60.087,2015-07-13 15:25:35+00:00,1
45.83033,-129.75533,60.233,2015-07-13 15:25:35+00:00,1
45.83033,-129.75533,60.28,2015-07-13 17:03:53+00:00,1
45.83033,-129.75533,60.34,2015-07-13 17:03:53+00:00,1
45.83033,-129.75533,79.91,2015-07-13 17:03:53+00:00,1
45.83033,-129.75533,79.964,2015-07-13 15:25:35+00:00,1
45.83033,-129.75533,80.053,2015-07-13 17:03:53+00:00,1
45.83033,-129.75533,80.233,2015-07-13 15:25:35+00:00,1
45.83033,-129.75533,99.341,2015-07-13 17:03:53+00:00,1
45.83033,-129.75533,99.561,2015-07-13 17:03:53+00:00,1
45.83033,-129.75533,99.814,2015-07-13 15:25:35+00:00,1
45.83033,-129.75533,100.343,2015-07-13 15:25:35+00:00,1
45.83033,-129.75533,119.662,2015-07-13 17:03:53+00:00,1
45.83033,-129.75533,119.985,2015-07-13 15:25:35+00:00,1
45.83033,-129.75533,120.438,2015-07-13 17:03:53+00:00,1
45.83033,-129.75533,120.464,2015-07-13 15:25:35+00:00,1
45.83033,-129.75533,139.841,2015-07-13 15:25:35+00:00,1
45.83033,-129.75533,139.904,2015-07-13 15:25:35+00:00,1
45.83033,-129.75533,140.272,2015-07-13 17:03:53+00:00,1
45.83033,-129.75533,141.317,2015-07-13 17:03:53+00:00,1
45.83033,-129.75533,159.79,2015-07-13 17:03:53+00:00,1
45.83033,-129.75533,159.845,2015-07-13 15:25:35+00:00,1
45.83033,-129.75533,160.249,2015-07-13 17:03:53+00:00,1
45.83033,-129.75533,160.344,2015-07-13 15:25:35+00:00,1
45.83033,-129.75533,179.544,2015-07-13 15:25:35+00:00,1
45.83033,-129.75533,180.31,2015-07-13 17:03:53+00:00,1
45.83033,-129.75533,180.459,2015-07-13 15:25:35+00:00,1
45.83033,-129.75533,180.562,2015-07-13 17:03:53+00:00,1
45.83033,-129.75533,199.6,2015-07-13 17:03:53+00:00,1
45.83033,-129.75533,200.007,2015-07-13 17:03:53+00:00,1
45.83033,-129.75533,200.248,2015-07-13 15:25:35+00:00,1
45.83033,-129.75533,200.28,2015-07-13 15:25:35+00:00,1
45.83033,-129.75533,219.307,2015-07-13 17:03:53+00:00,1
45.83033,-129.75533,219.642,2015-07-13 15:25:35+00:00,1
45.83033,-129.75533,219.784,2015-07-13 15:25:35+00:00,1
45.83033,-129.75533,219.975,2015-07-13 17:03:53+00:00,1
45.830333333333336,-129.7465,19.72,2021-08-04 13:48:19+00:00,1
45.830333333333336,-129.7465,20.047,2021-08-04 13:48:19+00:00,2
45.830333333333336,-129.7465,20.13,2021-08-04 13:48:19+00:00,1
45.830333333333336,-129.7465,39.929,2021-08-04 13:48:19+00:00,1
45.830333333333336,-129.7465,60.21,2021-08-04 13:48:19+00:00,1
45.830333333333336,-129.7465,99.815,2021-08-04 13:48:19+00:00,1
45.830333333333336,-129.7465,140.163,2021-08-04 13:48:19+00:00,1
45.830333333333336,-129.7465,179.745,2021-08-04 13:48:19+00:00,1
45.830333333333336,-129.7465,180.089,2021-08-04 13:48:19+00:00,1
45.830333333333336,-129.7465,220.111,2021-08-04 13:48:19+00:00,1
45.83043,-129.7532,137.242,2015-07-13 19:52:00+00:00,1
45.83043,-129.75319,118.651,2015-07-13 19:52:00+00:00,1
45.83045,-129.75323,177.58,2015-07-13 19:52:00+00:00,1
45.83045,-129.75319,157.012,2015-07-13 19:52:00+00:00,1
45.8305,-129.75317,-9999999.0,2019-06-04 20:55:23+00:00,1
45.8305,-129.74983,-9999999.0,2017-08-01 07:52:46+00:00,1
45.8305,-129.74983,-9999999.0,2017-08-01 08:13:22+00:00,1
45.8305,-129.74983,9.829,2017-08-01 08:30:45+00:00,1
45.8305,-129.74983,10.054,2017-08-01 08:30:45+00:00,1
45.8305,-129.74983,19.973,2017-08-01 08:30:45+00:00,1
45.8305,-129.74983,39.748,2017-08-01 08:30:45+00:00,1
45.8305,-129.74983,39.817,2017-08-01 08:30:45+00:00,1
45.8305,-129.74983,59.905,2017-08-01 08:30:45+00:00,1
45.8305,-129.74983,59.952,2017-08-01 08:30:45+00:00,1
45.8305,-129.74983,80.097,2017-08-01 08:30:45+00:00,1
45.8305,-129.74983,100.5,2017-08-01 08:30:45+00:00,1
45.8305,-129.74983,120.318,2017-08-01 08:30:45+00:00,1
45.8305,-129.74983,140.416,2017-08-01 08:30:45+00:00,1
45.8305,-129.74983,140.441,2017-08-01 08:30:45+00:00,1
45.8305,-129.74983,160.248,2017-08-01 08:30:45+00:00,1
45.8305,-129.74983,180.554,2017-08-01 08:30:45+00:00,1
45.8305,-129.74983,200.351,2017-08-01 08:30:45+00:00,1
45.8305,-129.74983,220.279,2017-08-01 08:30:45+00:00,1
45.8305,-129.74683,2.352,2017-08-13 20:01:18+00:00,1
45.8305,-129.74683,10.276,2017-08-13 20:01:18+00:00,1
45.8305,-129.74683,20.085,2017-08-13 20:01:18+00:00,1
45.8305,-129.74683,45.347,2017-08-13 20:01:18+00:00,1
45.8305,-129.74683,79.815,2017-08-13 20:01:18+00:00,1
45.8305,-129.74683,99.56,2017-08-13 20:01:18+00:00,1
45.8305,-129.74683,199.658,2017-08-13 20:01:18+00:00,1
45.8305,-129.74683,953.817,2017-08-13 20:01:18+00:00,1
45.8305,-129.74683,1497.322,2017-08-13 20:01:18+00:00,1
45.8305,-129.74683,2599.026,2017-08-13 20:01:18+00:00,1
45.8305,-129.7465,-9999999.0,2021-08-04 12:32:59+00:00,1
45.83066667,-129.7395,-9999999.0,2020-08-08 21:27:56+00:00,1
45.83066667,-129.7395,10.129,2020-08-08 21:53:32+00:00,1
45.83066667,-129.7395,10.22,2020-08-08 23:36:18+00:00,1
45.83066667,-129.7395,19.912,2020-08-08 21:53:32+00:00,2
45.83066667,-129.7395,39.703,2020-08-08 21:53:32+00:00,1
45.83066667,-129.7395,50.489,2020-08-08 23:36:18+00:00,1
45.83066667,-129.7395,59.408,2020-08-08 21:53:32+00:00,2
45.83066667,-129.7395,75.301,2020-08-08 23:36:18+00:00,1
45.83066667,-129.7395,79.972,2020-08-08 21:53:32+00:00,1
45.83066667,-129.7395,100.004,2020-08-08 23:36:18+00:00,1
45.83066667,-129.7395,100.519,2020-08-08 21:53:32+00:00,1
45.83066667,-129.7395,119.345,2020-08-08 21:53:32+00:00,2
45.83066667,-129.7395,160.425,2020-08-08 21:53:32+00:00,1
45.83066667,-129.7395,179.712,2020-08-08 21:53:32+00:00,1
45.83066667,-129.7395,199.365,2020-08-08 21:53:32+00:00,1
45.83066667,-129.7395,200.855,2020-08-08 23:36:18+00:00,1
45.83066667,-129.7395,219.92,2020-08-08 21:53:32+00:00,1
45.83066667,-129.7395,500.144,2020-08-08 23:36:18+00:00,1
45.83066667,-129.7395,500.634,2020-08-08 23:36:18+00:00,1
45.83066667,-129.7395,749.687,2020-08-08 23:36:18+00:00,1
45.83066667,-129.7395,1000.703,2020-08-08 23:36:18+00:00,1
45.83066667,-129.7395,1500.748,2020-08-08 23:36:18+00:00,1
45.83066667,-129.7395,2000.381,2020-08-08 23:36:18+00:00,1
45.83066667,-129.7395,2401.04,2020-08-08 23:36:18+00:00,1
45.83066667,-129.7395,2600.169,2020-08-08 23:36:18+00:00,1
45.833333333333336,-129.75733333333332,9.768,2021-08-03 01:25:44+00:00,1
45.833333333333336,-129.75733333333332,9.781,2021-08-03 01:25:44+00:00,1
45.833333333333336,-129.75733333333332,19.933,2021-08-03 01:25:44+00:00,1
45.833333333333336,-129.75733333333332,20.06,2021-08-03 01:25:44+00:00,1
45.833333333333336,-129.75733333333332,39.529,2021-08-03 01:25:44+00:00,1
45.833333333333336,-129.75733333333332,59.844,2021-08-03 01:25:44+00:00,1
45.833333333333336,-129.75733333333332,79.752,2021-08-03 01:25:44+00:00,1
45.833333333333336,-129.75733333333332,99.987,2021-08-03 01:25:44+00:00,2
45.833333333333336,-129.75733333333332,120.097,2021-08-03 01:25:44+00:00,1
45.833333333333336,-129.75733333333332,139.82,2021-08-03 01:25:44+00:00,1
45.833333333333336,-129.75733333333332,159.985,2021-08-03 01:25:44+00:00,1
45.833333333333336,-129.75733333333332,180.217,2021-08-03 01:25:44+00:00,1
45.833333333333336,-129.75733333333332,180.234,2021-08-03 01:25:44+00:00,1
45.833333333333336,-129.75733333333332,199.985,2021-08-03 01:25:44+00:00,1
45.833333333333336,-129.75733333333332,219.951,2021-08-03 01:25:44+00:00,1
45.83417,-129.759,10.09,2015-07-28 08:03:55+00:00,1
45.83417,-129.759,10.178,2015-07-28 08:03:55+00:00,1
45.83417,-129.759,40.248,2015-07-28 08:03:55+00:00,1
45.83417,-129.759,60.1,2015-07-28 08:03:55+00:00,1
45.83417,-129.759,60.171,2015-07-28 08:03:55+00:00,1
45.83417,-129.759,80.69,2015-07-28 08:03:55+00:00,1
45.83417,-129.759,300.088,2015-07-28 08:03:55+00:00,1
45.83417,-129.759,1000.248,2015-07-28 08:03:55+00:00,1
45.83417,-129.759,2499.735,2015-07-28 08:03:55+00:00,1
45.83417,-129.759,2500.194,2015-07-28 08:03:55+00:00,1
45.83433333333333,-129.75833333333333,9.993,2022-08-28 17:26:38+00:00,1
45.83433333333333,-129.75833333333333,29.793,2022-08-28 17:26:38+00:00,1
45.83433333333333,-129.75833333333333,49.556,2022-08-28 17:26:38+00:00,1
45.83433333333333,-129.75833333333333,99.896,2022-08-28 17:26:38+00:00,1
45.83433333333333,-129.75833333333333,250.347,2022-08-28 17:26:38+00:00,1
45.83433333333333,-129.75833333333333,500.003,2022-08-28 17:26:38+00:00,1
45.83433333333333,-129.75833333333333,999.676,2022-08-28 17:26:38+00:00,2
45.83433333333333,-129.75833333333333,2000.293,2022-08-28 17:26:38+00:00,1
45.83433333333333,-129.75833333333333,2400.397,2022-08-28 17:26:38+00:00,1
45.83433333333333,-129.75833333333333,2599.15,2022-08-28 17:26:38+00:00,1
45.83433333333333,-129.74683333333334,10.07,2023-08-25 11:29:03+00:00,1
45.83433333333333,-129.74683333333334,19.855,2023-08-25 11:29:03+00:00,1
45.83433333333333,-129.74683333333334,39.944,2023-08-25 11:29:03+00:00,2
45.83433333333333,-129.74683333333334,60.376,2023-08-25 11:29:03+00:00,1
45.83433333333333,-129.74683333333334,79.807,2023-08-25 11:29:03+00:00,1
45.83433333333333,-129.74683333333334,100.284,2023-08-25 11:29:03+00:00,1
45.83433333333333,-129.74683333333334,119.992,2023-08-25 11:29:03+00:00,1
45.83433333333333,-129.74683333333334,140.189,2023-08-25 11:29:03+00:00,1
45.83433333333333,-129.74683333333334,160.347,2023-08-25 11:29:03+00:00,1
45.83433333333333,-129.74683333333334,179.424,2023-08-25 11:29:03+00:00,1
45.83433333333333,-129.74683333333334,200.336,2023-08-25 11:29:03+00:00,1
45.83433333333333,-129.74683333333334,200.532,2023-08-25 11:29:03+00:00,1
45.83433333333333,-129.74683333333334,219.828,2023-08-25 11:29:03+00:00,1
45.83433333333333,-129.74683333333334,219.912,2023-08-25 11:29:03+00:00,1
45.83444,-129.765,-9999999.0,2016-07-28 20:46:51+00:00,1
45.834666666666664,-129.75916666666666,200.029,2023-09-12 23:09:40+00:00,1
45.834666666666664,-129.75916666666666,300.297,2023-09-12 23:09:40+00:00,2
45.834666666666664,-129.75916666666666,499.259,2023-09-12 23:09:40+00:00,1
45.834666666666664,-129.75916666666666,751.185,2023-09-12 23:09:40+00:00,1
45.834666666666664,-129.75916666666666,1250.064,2023-09-12 23:09:40+00:00,1
45.834666666666664,-129.75916666666666,1499.862,2023-09-12 23:09:40+00:00,1
45.834666666666664,-129.75916666666666,1749.064,2023-09-12 23:09:40+00:00,1
45.834666666666664,-129.75916666666666,1999.07,2023-09-12 23:09:40+00:00,1
45.834666666666664,-129.75916666666666,2249.066,2023-09-12 23:09:40+00:00,1
45.834666666666664,-129.75916666666666,2589.071,2023-09-12 23:09:40+00:00,1
45.84194,-129.75916,-9999999.0,2016-07-28 17:33:35+00:00,1
45.84194,-129.75916,-9999999.0,2016-07-28 18:05:28+00:00,1
45.84194,-129.75916,10.201,2016-07-28 18:24:19+00:00,2
45.84194,-129.75916,19.93,2016-07-28 18:24:19+00:00,2
45.84194,-129.75916,40.195,2016-07-28 18:24:19+00:00,2
45.84194,-129.75916,60.088,2016-07-28 18:24:19+00:00,2
45.84194,-129.75916,79.984,2016-07-28 18:24:19+00:00,1
45.84194,-129.75916,99.743,2016-07-28 18:24:19+00:00,1
45.84194,-129.75916,119.884,2016-07-28 18:24:19+00:00,1
45.84194,-129.75916,140.057,2016-07-28 18:24:19+00:00,1
45.84194,-129.75916,160.167,2016-07-28 18:24:19+00:00,1
45.84194,-129.75916,179.916,2016-07-28 18:24:19+00:00,1
45.84194,-129.75916,200.234,2016-07-28 18:24:19+00:00,1
45.84194,-129.75916,220.897,2016-07-28 18:24:19+00:00,1
45.91659,-130.02529,-9999999.0,2024-08-30 08:34:50.935000+00:00,2
45.91659,-130.02529,-9999999.0,2024-08-30 08:35:58.244000+00:00,2
45.91659,-130.02519,-9999999.0,2024-08-12 00:03:24.595000+00:00,2
45.91659,-130.02519,-9999999.0,2024-08-12 00:04:00.243000+00:00,1
45.9166,-130.02492,-9999999.0,2024-09-01 06:30:22.185000+00:00,1
45.91665,-130.02502,-9999999.0,2024-08-30 13:13:40.525000+00:00,1
45.91665,-130.02502,-9999999.0,2024-08-30 13:14:36.942000+00:00,2
45.91691,-130.02421,-9999999.0,2024-08-31 04:31:27.933000+00:00,1
45.91705,-130.0248,-9999999.0,2024-09-01 16:28:59.412000+00:00,1
45.91727,-130.0254,-9999999.0,2024-09-02 10:09:47.935000+00:00,1
45.92639848,-129.9790234,-9999999.0,2020-08-09 23:05:44.686000+00:00,1
45.93343702,-130.0141587,-9999999.0,2023-09-05 23:46:31+00:00,1
45.9337522,-130.0138539,-9999999.0,2022-08-15 18:31:27+00:00,1
45.9398706,-129.97400968,-9999999.0,2023-09-17 03:34:09+00:00,1
45.9399245,-129.9740186,-9999999.0,2022-08-15 04:34:53+00:00,1
45.95466744,-130.00880325,-9999999.0,2023-09-13 14:12:23+00:00,1
45.9548073,-130.0088606,-9999999.0,2022-08-30 19:37:13+00:00,3
45.9548407,-130.008808,-9999999.0,2022-08-14 05:49:53+00:00,1
